EMPLOYER_NAME,NumApps,COUNT(id)/COUNT(*)
"INFOSYS LIMITED",25352,1.0000
"CAPGEMINI AMERICA INC",16725,1.0000
"TATA CONSULTANCY SERVICES LIMITED",13134,1.0000
"WIPRO LIMITED",10607,1.0000
"IBM INDIA PRIVATE LIMITED",9787,1.0000
"ACCENTURE LLP",9477,1.0000
"DELOITTE CONSULTING LLP",7646,1.0000
"TECH MAHINDRA (AMERICAS),INC.",6746,1.0000
"COGNIZANT TECHNOLOGY SOLUTIONS U.S. CORPORATION",5370,1.0000
"MICROSOFT CORPORATION",5029,1.0000
"HCL AMERICA, INC.",4931,1.0000
"GOOGLE INC.",4785,1.0000
"ERNST & YOUNG U.S. LLP",4511,1.0000
"IBM CORPORATION",2571,1.0000
"AMAZON CORPORATE LLC",2547,1.0000
"LARSEN & TOUBRO INFOTECH LIMITED",2425,1.0000
"IGATE TECHNOLOGIES INC.",2197,1.0000
"UST GLOBAL INC",1861,1.0000
"SYNTEL CONSULTING INC.",1846,1.0000
"L&T TECHNOLOGY SERVICES LIMITED",1837,1.0000
"APPLE INC.",1656,1.0000
"INTEL CORPORATION",1647,1.0000
"HEXAWARE TECHNOLOGIES, INC.",1634,1.0000
"JPMORGAN CHASE & CO.",1598,1.0000
"DELOITTE & TOUCHE LLP",1573,1.0000
"UST GLOBAL INC.",1309,1.0000
"TECH MAHINDRA (AMERICAS), INC.",1257,1.0000
"KPMG LLP",1247,1.0000
"NTT DATA, INC.",1240,1.0000
"MASTECH, INC., A MASTECH HOLDINGS, INC. COMPANY",1232,1.0000
"PRICEWATERHOUSECOOPERS ADVISORY SERVICES LLC",1215,1.0000
"FACEBOOK, INC.",1167,1.0000
"PRICEWATERHOUSECOOPERS LLP",1090,1.0000
"BIRLASOFT INC",1069,1.0000
"V-SOFT CONSULTING GROUP, INC",1035,1.0000
"HTC GLOBAL SERVICES INC.",1000,1.0000
"COMPUNNEL SOFTWARE GROUP, INC.",953,1.0000
"VIRTUSA CORPORATION",926,1.0000
"BANK OF AMERICA N.A.",924,1.0000
"WAL-MART ASSOCIATES, INC.",887,1.0000
"ORACLE AMERICA, INC.",831,1.0000
"EMC CORPORATION",823,1.0000
"POPULUS GROUP LLC",807,1.0000
"MINDTREE LIMITED",807,1.0000
"RANDSTAD TECHNOLOGIES, LP",804,1.0000
"CUMMINS INC.",797,1.0000
"MPHASIS CORPORATION",783,1.0000
"GOLDMAN, SACHS & CO.",765,1.0000
"QUALCOMM TECHNOLOGIES, INC.",746,1.0000
"ERNST &AMP; YOUNG U.S. LLP",738,1.0000
"EBAY INC.",727,1.0000
"CERNER CORPORATION",705,1.0000
"LINKEDIN CORPORATION",701,1.0000
"DELL MARKETING L.P.",699,1.0000
"PERSISTENT SYSTEMS, INC.",698,1.0000
"SYNECHRON, INC.",689,1.0000
"ERICSSON INC.",685,1.0000
"YAHOO! INC.",683,1.0000
"HCL GLOBAL SYSTEMS INC",679,1.0000
"CAPITAL ONE SERVICES, LLC",667,1.0000
"SYNTEL INC",666,1.0000
"LARSEN AND TOUBRO INFOTECH LIMITED",665,1.0000
"PAYPAL, INC.",656,1.0000
"FUJITSU AMERICA, INC.",649,1.0000
"CISCO SYSTEMS, INC.",640,1.0000
"CYIENT, INC.",636,1.0000
"TECH MAHINDRA (AMERICAS) INC.",613,1.0000
"DELOITTE TAX LLP",608,1.0000
"SALESFORCE.COM INC.",605,1.0000
"IPOLARITY LLC",604,1.0000
"AMERICAN EXPRESS TRAVEL RELATED SERVICES COMPANY, INC.",588,1.0000
"VEDICSOFT SOLUTIONS LLC",580,1.0000
"GSS INFOTECH CT, INC.",576,1.0000
"TESLA MOTORS, INC.",566,1.0000
"UBER TECHNOLOGIES, INC.",565,1.0000
"EXILANT TECHNOLOGIES PRIVATE LIMITED",553,1.0000
"UNIVERSITY OF MICHIGAN",551,1.0000
"VMWARE, INC.",532,1.0000
"ERP ANALYSTS, INC.",520,1.0000
"SAPIENT CORPORATION",515,1.0000
"CREDIT SUISSE SECURITIES (USA) LLC",513,1.0000
"INTONE NETWORKS INC.",511,1.0000
"PYRAMID TECHNOLOGY SOLUTIONS, INC",509,1.0000
"CIBER, INC.",503,1.0000
"KPIT INFOSYSTEMS, INC.",497,1.0000
"THE MATHWORKS, INC.",496,1.0000
"GRANDISON MANAGEMENT, INC.",494,1.0000
"SYSTEM SOFT TECHNOLOGIES LLC",476,1.0000
"RELIABLE SOFTWARE RESOURCES, INC.",474,1.0000
"CGI TECHNOLOGIES AND SOLUTIONS INC.",468,1.0000
"BROADCOM CORPORATION",466,1.0000
"3I INFOTECH, INC.",466,1.0000
"KELLTON TECH INC",464,1.0000
"MARLABS, INC.",456,1.0000
"BLOOMBERG, LP",456,1.0000
"CAPGEMINI FINANCIAL SERVICES USA INC",456,1.0000
"YASH TECHNOLOGIES, INC.",434,1.0000
"HEADSTRONG SERVICES LLC",433,1.0000
"GEO LOGIC SYSTEMS CORP",431,1.0000
"SDLC MANAGEMENT, INC.",425,1.0000
"ENGINEERING TECHNOLOGY ASSOCIATES, INC.",424,1.0000
"LEAD IT CORPORATION",423,1.0000
"NICHE SOFTWARE SOLUTIONS INC",411,1.0000
"ASTIR IT SOLUTIONS INC.",402,1.0000
"DIVENSI INC.",399,1.0000
"INTUIT INC.",399,1.0000
"PROKARMA, INC.",398,1.0000
"MARVELL TECH LLC",390,1.0000
"SCHLUMBERGER TECHNOLOGY CORPORATION",388,1.0000
"EMORY UNIVERSITY",386,1.0000
"DELOITTE &AMP; TOUCHE LLP",383,1.0000
"INOVANT, LLC",382,1.0000
"TRUSTEES OF THE UNIVERSITY OF PENNSYLVANIA",382,1.0000
"COLLABORATE SOLUTIONS INC",380,1.0000
"NATIONAL INSTITUTES OF HEALTH, HHS",379,1.0000
"DIASPARK, INC.",376,1.0000
"APPLAB SYSTEMS, INC",376,1.0000
"BRILLIO, LLC",375,1.0000
"PEOPLE TECH GROUP INC.",373,1.0000
"CSC COVANSYS CORPORATION",370,1.0000
"CYBERTHINK INC",370,1.0000
"AVCO CONSULTING INC",367,1.0000
"TAVANT TECHNOLOGIES, INC.",363,1.0000
"TRINGAPPS INC",362,1.0000
"HEWLETT PACKARD ENTERPRISE COMPANY",362,1.0000
"MICRON TECHNOLOGY, INC.",361,1.0000
"CITIBANK, N.A.",357,1.0000
"PHOTON INFOTECH, INC.",356,1.0000
"COMPUTEK SOULUTIONS INC",355,1.0000
"NETAPP, INC.",354,1.0000
"POLARIS CONSULTING AND SERVICES LTD",354,1.0000
"T-MOBILE USA, INC.",354,1.0000
"AZIMETRY INC.",349,1.0000
"CAPGEMINI U.S. LLC",349,1.0000
"MERRILL LYNCH",349,1.0000
"IRIS SOFTWARE, INC.",347,1.0000
"SYMANTEC CORPORATION",346,1.0000
"TECHNOSOFT CORPORATION",345,1.0000
"SRS CONSULTING INC.",345,1.0000
"TWITTER, INC.",333,1.0000
"MICROEXCEL, INC",331,1.0000
"HARVARD UNIVERSITY",330,1.0000
"HITACHI CONSULTING CORPORATION",329,1.0000
"THE BOARD OF TRUSTEES OF THE LELAND STANFORD, JR. UNIVERSITY",325,1.0000
"SAP AMERICA, INC.",323,1.0000
"EXPEDIA, INC.",322,1.0000
"ACCENZ LLC",320,1.0000
"NEMO IT SOLUTIONS, INC",318,1.0000
"CITRIX SYSTEMS, INC.",317,1.0000
"UNIVERSITY OF COLORADO",317,1.0000
"SIRI INFOSOLUTIONS INC.",315,1.0000
"COMCAST CABLE COMMUNICATIONS, LLC",314,1.0000
"MAYO CLINIC",312,1.0000
"NATSOFT CORPORATION",310,1.0000
"GENPACT LLC",309,1.0000
"COLLABERA INC.",307,1.0000
"EXPERIS US, INC.",307,1.0000
"COLUMBIA UNIVERSITY",306,1.0000
"MANAGEMENT HEALTH SYSTEMS, INC.",305,1.0000
"AMAZON WEB SERVICES, INC.",304,1.0000
"SVV INFOTECH, INC",304,1.0000
"KFORCE INC.",299,1.0000
"ORION SYSTEMS INTEGRATORS LLC",298,1.0000
"GLOBALLOGIC,INC.",297,1.0000
"DELTA SYSTEM & SOFTWARE, INC",297,1.0000
"UNIVERSITY OF PITTSBURGH",296,1.0000
"ADOBE SYSTEMS INCORPORATED",294,1.0000
"BLACKROCK FINANCIAL MANAGEMENT, INC.",292,1.0000
"ECLINICALWORKS, LLC",291,1.0000
"SOFTPATH SYSTEM LLC",291,1.0000
"THE BOSTON CONSULTING GROUP, INC.",290,1.0000
"CHARTER GLOBAL, INC.",287,1.0000
"FUSION PLUS SOLUTIONS, INC",286,1.0000
"GENERAL MOTORS COMPANY",286,1.0000
"NEUMERIC TECHNOLOGIES CORPORATION",286,1.0000
"IBLESOFT INC",286,1.0000
"CAPGEMINI FINANCIAL SERVICES USA INC. (LEGACY KANBAY)",285,1.0000
"ITC INFOTECH (USA), INC.",284,1.0000
"NAGARRO, INC.",284,1.0000
"YALE UNIVERSITY",282,1.0000
"BAYLOR COLLEGE OF MEDICINE",280,1.0000
"NIIT TECHNOLOGIES LIMITED",279,1.0000
"MYTHRI CONSULTING LLC",278,1.0000
"LORSHI SYSTEMS, LLC",278,1.0000
"CAPITAL ONE SERVICES II LLC",278,1.0000
"A2Z DEVELOPMENT CENTER, INC.",275,1.0000
"MARVELL SEMICONDUCTOR, INC.",275,1.0000
"THE UNIVERSITY OF CHICAGO",275,1.0000
"ANTHEM, INC.",272,1.0000
"GENERAL HOSPITAL CORPORATION",271,1.0000
"RAMP TECHNOLOGY GROUP LLC",271,1.0000
"PERFICIENT, INC.",270,1.0000
"THE OHIO STATE UNIVERSITY",269,1.0000
"SEARS HOLDINGS MANAGEMENT CORPORATION",266,1.0000
"INTRAEDGE, INC.",266,1.0000
"ITECH US, INC.",264,1.0000
"L AND T TECHNOLOGY SERVICES, LTD.",262,1.0000
"CYMA SYSTEMS INC",261,1.0000
"WASHINGTON UNIVERSITY IN ST. LOUIS",260,1.0000
"SMART WORKS, LLC",259,1.0000
"AKVARR INC",259,1.0000
"SLK AMERICA INC.",258,1.0000
"SOFTWARE PARADIGMS INTERNATIONAL GROUP, LLC",258,1.0000
"UNIVERSITY OF CALIFORNIA, SAN DIEGO",256,1.0000
"DALLAS INDEPENDENT SCHOOL DISTRICT",255,1.0000
"MICHIGAN STATE UNIVERSITY",255,1.0000
"CITIUSTECH INC.",254,1.0000
"ADVANCED MICRO DEVICES, INC.",252,1.0000
"AMERICAN AIRLINES, INC.",252,1.0000
"DELL PRODUCTS L.P.",250,1.0000
"VERIZON DATA SERVICES LLC",250,1.0000
"MCKINSEY & COMPANY, INC. UNITED STATES",250,1.0000
"MOTOROLA MOBILITY LLC",250,1.0000
"ADVISEAN LLC",249,1.0000
"CAPGEMINI AMERICA, INC.",249,1.0000
"THE UNIVERSITY OF IOWA",245,1.0000
"STRATEGIC RESOURCES INTERNATIONAL, INC.",244,1.0000
"SUDHI INFOMATICS INC",243,1.0000
"TEXAS INSTRUMENTS INCORPORATED",243,1.0000
"ALPHA CLINICAL SYSTEMS, INC",243,1.0000
"CVS RX SERVICES, INC.",243,1.0000
"DATA SYSTEMS INTEGRATION GROUP INC.",242,1.0000
"COMPUTER SCIENCES CORPORATION",242,1.0000
"VERITAS TECHNOLOGIES LLC",242,1.0000
"SALESFORCE.COM, INC.",241,1.0000
"MICROINFO INC",241,1.0000
"RJT COMPUQUEST, INC.",240,1.0000
"ALCATEL-LUCENT USA, INC. (DBA NOKIA)",240,1.0000
"ADAEQUARE INC",239,1.0000
"8K MILES HEALTH CLOUD INC",238,1.0000
"UNIVERSITY OF CALIFORNIA, SAN FRANCISCO",238,1.0000
"NEW YORK UNIVERSITY SCHOOL OF MEDICINE",237,1.0000
"PEGAFRAME INFOTECH INC",236,1.0000
"AIG EMPLOYEE SERVICES, INC.",236,1.0000
"DIVERSANT LLC",235,1.0000
"MASSACHUSETTS INSTITUTE OF TECHNOLOGY",235,1.0000
"IT AMERICA INC",235,1.0000
"VENTOIS, INC",234,1.0000
"ALTIMETRIK CORP",234,1.0000
"THE UNIVERSITY OF TEXAS AT AUSTIN",233,1.0000
"IDEXCEL, INC.",232,1.0000
"GENERAL ELECTRIC COMPANY",232,1.0000
"BARCLAYS SERVICES CORP.",232,1.0000
"DAMIAN CONSULTING INC",231,1.0000
"NCS PEARSON, INC.",229,1.0000
"EPAM SYSTEMS, INC",228,1.0000
"EVEREST CONSULTING GROUP, INC.,",228,1.0000
"DELL USA L.P.",227,1.0000
"T2M CONSULTING SERVICES, INC.",227,1.0000
"TEXARA SOLUTIONS LLC",226,1.0000
"THE UNIVERSITY OF TEXAS M.D. ANDERSON CANCER CENTER",226,1.0000
"SKILLSIGHT INC.",226,1.0000
"TASACOM TECHNOLOGIES, INC.",225,1.0000
"UNIVERSITY OF WISCONSIN-MADISON",225,1.0000
"EXLSERVICE.COM, LLC",225,1.0000
"AKAMAI TECHNOLOGIES, INC.",224,1.0000
"ASPIRE SYSTEMS, INC.",224,1.0000
"MAKEURCAREER LLC",224,1.0000
"NVIDIA CORPORATION",223,1.0000
"PURDUE UNIVERSITY",223,1.0000
"GLOBALFOUNDRIES U.S. INC.",222,1.0000
"MEMORIAL SLOAN-KETTERING CANCER CENTER",221,1.0000
"ONWARD TECHNOLOGIES, INC",221,1.0000
"KATALYST TECHNOLOGIES INC",220,1.0000
"NORTHWESTERN UNIVERSITY",219,1.0000
"UT-BATTELLE, LLC (OAK RIDGE NATIONAL LABORATORY)",219,1.0000
"THE UNIV. OF ALA. AT BIRMINGHAM (UAB)",219,1.0000
"NORTHSTAR GROUP INC",218,1.0000
"DEUTSCHE BANK SECURITIES INC.",218,1.0000
"NISUM TECHNOLOGIES INC.",217,1.0000
"TECHPILLARS, INC.",216,1.0000
"APLOMB TECHNOLOGIES, INC.",216,1.0000
"UNIVERSITY OF MINNESOTA",215,1.0000
"SLALOM, LLC",214,1.0000
"SAP LABS, LLC",213,1.0000
"ETOUCH SYSTEMS CORPORATION",213,1.0000
"BROOKHAVEN NATIONAL LABORATORY",212,1.0000
"UNIVERSITY OF FLORIDA",212,1.0000
"STATE STREET BANK AND TRUST COMPANY",211,1.0000
"KARWELL TECHNOLOGIIES, INC.",211,1.0000
"CNET GLOBAL SOLUTIONS INC",211,1.0000
"SHINEWELL TECHNOLOGIES INC.",209,1.0000
"UNIVERSITY OF ILLINOIS",209,1.0000
"JOHNS HOPKINS UNIVERSITY",209,1.0000
"LOGIC PLANET CS INC",208,1.0000
"HOWARD HUGHES MEDICAL INSTITUTE",208,1.0000
"UNIVERSITY OF MARYLAND COLLEGE PARK",208,1.0000
"SANDISK CORPORATION",207,1.0000
"TARGET ENTERPRISE, INC.",206,1.0000
"ADROIX CORP",205,1.0000
"MEDTRONIC, INC.",205,1.0000
"THE JOHNS HOPKINS UNIVERSITY",204,1.0000
"YASH & LUJAN CONSULTING, INC.",204,1.0000
"UNIVERSITY OF CALIFORNIA, LOS ANGELES",204,1.0000
"FIDELITY TECHNOLOGY GROUP LLC",203,1.0000
"ACI INFOTECH INC.",202,1.0000
"PROFICIENT BUSINESS SYSTEMS, INC.",202,1.0000
"XORIANT CORPORATION",202,1.0000
"FIRST TEK , INC.",201,1.0000
"UNIVERSITY OF UTAH",199,1.0000
"ICAHN SCHOOL OF MEDICINE AT MOUNT SINAI",199,1.0000
"INTEL MOBILE COMMUNICATIONS NORTH AMERICA",199,1.0000
"OPTUM SERVICES, INC.",199,1.0000
"DROPBOX, INC.",198,1.0000
"SPRINT CORPORATION",198,1.0000
"CAREMARK, LLC",197,1.0000
"LUCENT IT SOLUTIONS LLC",196,1.0000
"QUALCOMM ATHEROS, INC.",196,1.0000
"ZS ASSOCIATES, INC.",195,1.0000
"UNIVERSITY OF WASHINGTON",194,1.0000
"TEK LEADERS INC",194,1.0000
"SARAYU CONSULTANTS INC",194,1.0000
"ADS ALLIANCE DATA SYSTEMS, INC.",194,1.0000
"DOTCOM TEAM, LLC",194,1.0000
"HORIZON TECHNOLOGIES INC",194,1.0000
"NEW YORK TECHNOLOGY PARTNERS, INC.",193,1.0000
"MIRACLE SOFTWARE SYSYTEMS INC",192,1.0000
"CITIGROUP GLOBAL MARKETS INC.",192,1.0000
"ALTAIR PRODUCTDESIGN, INC.",192,1.0000
"CITIUSTECH INC",191,1.0000
"GROUPON, INC.",191,1.0000
"GATEWAY GROUP TECHNOLOGIES INC.",189,1.0000
"WHIZ IT SOLUTIONS INC",188,1.0000
"QUALITY MATRIX INC",188,1.0000
"DISCOVER PRODUCTS INC.",185,1.0000
"UNIVERSITY OF CALIFORNIA, DAVIS",185,1.0000
"SAGE IT, INC.",184,1.0000
"ZENSAR TECHNOLOGIES INC.",183,1.0000
"NORTH CAROLINA STATE UNIVERSITY",182,1.0000
"NETFLIX, INC.",181,1.0000
"DIASPARK INC",181,1.0000
"GLOBAL IT INC",181,1.0000
"AGREEYA SOLUTIONS, INC.",181,1.0000
"CIGNITI, INC.",180,1.0000
"DUKE UNIVERSITY AND MEDICAL CENTER",180,1.0000
"FACTSET RESEARCH SYSTEMS, INC.",180,1.0000
"DB GLOBAL TECHNOLOGY INC.",179,1.0000
"AT&T SERVICES, INC.",179,1.0000
"BRIGHAM AND WOMEN'S HOSPITAL",179,1.0000
"CLIENT NETWORK SERVICES, INC.",179,1.0000
"UNIVERSITY OF ILLINOIS AT CHICAGO",179,1.0000
"USM BUSINESS SYSTEMS, INC.",178,1.0000
"I28 TECHNOLOGIES CORPORATION",178,1.0000
"MORGAN STANLEY SERVICES GROUP INC.",177,1.0000
"AUTODESK, INC.",176,1.0000
"QUADRANT 4 SYSTEM CORPORATION",175,1.0000
"SATYAM-VENTURE ENGINEERING SERVICES PVT. LTD.",175,1.0000
"TEK SIGNATURE LLC",175,1.0000
"AVANT SYSTEMS INC",174,1.0000
"CA, INC.",174,1.0000
"CONNVERTEX TECHNOLOGIES INC.",173,1.0000
"SUNERA TECHNOLOGIES, INC",173,1.0000
"MUFG UNION BANK, N.A.",173,1.0000
"FRONTIER TECHNOLOGIES, LLC",172,1.0000
"TEXAS A&M UNIVERSITY",172,1.0000
"SINGULAR ANALYSTS INC",171,1.0000
"SOFTPATH TECHNOLOGIES, LLC",171,1.0000
"VISIONET SYSTEMS, INC.",171,1.0000
"NESS USA, INC.",171,1.0000
"CADENCE DESIGN SYSTEMS, INC.",171,1.0000
"EDGEIT CORP",171,1.0000
"AIRWATCH, LLC",171,1.0000
"DEUTSCHE BANK NEW YORK BRANCH",170,1.0000
"CHILDREN'S HOSPITAL CORPORATION",170,1.0000
"COMTEC CONSULTANTS, INC.",169,1.0000
"BDO USA, LLP",169,1.0000
"DICE IT SOLUTIONS, LLC",169,1.0000
"TIBCO SOFTWARE, INC.",167,1.0000
"PIKE SOLUTIONS INC",167,1.0000
"ITECH ANALYST CORP",167,1.0000
"CAPRUS IT INC",166,1.0000
"SMARTPLAY, INC.",166,1.0000
"SQA CONCEPTS INC",166,1.0000
"DELOITTE TRANSACTIONS AND BUSINESS ANALYTICS LLP",165,1.0000
"ECONTENTI INC.",165,1.0000
"ADP TECHNOLOGY SERVICES, INC.",164,1.0000
"INTALENT LLC",164,1.0000
"ONCORRE, INC.",164,1.0000
"KSOFT SYSTEMS INC",164,1.0000
"SABRE GLBL INC.",164,1.0000
"UNIVERSITY OF ARKANSAS FOR MEDICAL SCIENCES",164,1.0000
"THE PENNSYLVANIA STATE UNIVERSITY",164,1.0000
"ALLIED INFORMATICS, INC",163,1.0000
"ALPHA NET CONSULTING LLC",163,1.0000
"FIDELITY BROKERAGE SERVICES LLC",163,1.0000
"ARICENT TECHNOLOGIES (HOLDINGS) LTD.",163,1.0000
"BHRIGUS, INC.",163,1.0000
"SCEPTER TECHNOLOGIES INC",162,1.0000
"SPI MANAGEMENT SERVICES, LLC",161,1.0000
"THE UNIVERSITY OF SOUTHERN CALIFORNIA",161,1.0000
"FORD MOTOR COMPANY",161,1.0000
"RAMPS INTERNATIONAL, INC",161,1.0000
"INDIANA UNIV. PURDUE UNIV. INDIANAPOLIS",161,1.0000
"JPMORGAN CHASE &AMP; CO.",161,1.0000
"MULTIVISION INC.",160,1.0000
"SYSTIME COMPUTER CORPORATION",160,1.0000
"SLRI SOLUTIONS, LLC",160,1.0000
"XTGLOBAL, INC.",159,1.0000
"TENAZX INC.",159,1.0000
"KLA-TENCOR CORPORATION",159,1.0000
"AIM BIG INC",159,1.0000
"AIT GLOBAL, INC",159,1.0000
"FEDEX CORPORATE SERVICES, INC.",158,1.0000
"CARDINAL HEALTH, INC.",158,1.0000
"NEXUS IT INC",158,1.0000
"L AND T TECHNOLOGY SERVICES LIMITED",157,1.0000
"INDIANA UNIVERSITY",157,1.0000
"INNOVATIVE INTELLIGENT SOLUTIONS LLC",157,1.0000
"ST. BARNABAS HOSPITAL",157,1.0000
"UNIVERSITY OF NORTH CAROLINA AT CHAPEL HILL",157,1.0000
"AMDOCS INC.",157,1.0000
"GLOBALFOUNDRIES U.S., INC.",156,1.0000
"KA-SAPSOLUTIONS INC",156,1.0000
"RUTGERS, THE STATE UNIVERSITY OF NEW JERSEY",156,1.0000
"SREE INFOTECH LLC",156,1.0000
"STEM XPERT LLC",155,1.0000
"RIVERBED TECHNOLOGY, INC.",155,1.0000
"AIRBNB, INC.",155,1.0000
"ICONSOFT INC.",155,1.0000
"PRO-TEK CONSULTING",154,1.0000
"IDHASOFT, INC.",153,1.0000
"UNIVERSITY OF VIRGINIA",153,1.0000
"VANDERBILT UNIVERSITY",153,1.0000
"AECOM TECHNICAL SERVICES, INC.",153,1.0000
"GOLDMAN SACHS SERVICES LLC",153,1.0000
"C-VISION INC",153,1.0000
"CANVAS INFOTECH, INC.",153,1.0000
"INFOGAIN CORPORATION",152,1.0000
"INOVALON, INC.",152,1.0000
"VCARVE INC",152,1.0000
"DIZER CORP",151,1.0000
"AMZUR TECHNOLOGIES, INC",151,1.0000
"NIKE, INC.",151,1.0000
"HENRY FORD HEALTH SYSTEM",150,1.0000
"VENSAR TECHNOLOGY INC",150,1.0000
"THE UNIVERSITY OF ARIZONA",150,1.0000
"VSQUARE INFOTECH INC.",150,1.0000
"FIRST TEK DOS LLC",149,1.0000
"GENENTECH, INC.",149,1.0000
"ALTERA CORPORATION",149,1.0000
"CVS PHARMACY, INC.",149,1.0000
"BROCADE COMMUNICATIONS SYSTEMS, INC.",149,1.0000
"ANJANEYAP, INC.",148,1.0000
"BATTELLE MEMORIAL INSTITUTE",148,1.0000
"DATASERV INC",148,1.0000
"UNIFY SOLUTIONS, INC.",148,1.0000
"UNIVERSITY OF CALIFORNIA, BERKELEY",148,1.0000
"TRW AUTOMOTIVE, INC.",147,1.0000
"ARIZONA STATE UNIVERSITY",147,1.0000
"DELASOFT, INC.",146,1.0000
"AKT, LLC.",146,1.0000
"JPMORGAN CHASE AND CO.",146,1.0000
"SBASE TECHNOLOGIES INC",146,1.0000
"SERVICENOW, INC.",145,1.0000
"ESTRADA CONSULTING INC",145,1.0000
"AVANI TECHNOLOGY SOLUTIONS INC.",145,1.0000
"CODESMART INC.",144,1.0000
"CEDENT CONSULTING INC",143,1.0000
"CITICORP CREDIT SERVICES, INC. (USA)",143,1.0000
"WEBILENT TECHNOLOGY INC",143,1.0000
"WEILL CORNELL MEDICAL COLLEGE",143,1.0000
"LATENTVIEW ANALYTICS CORPORATION",143,1.0000
"NEW YORK UNIVERSITY",143,1.0000
"HOME DEPOT USA, INC.",142,1.0000
"INTELLISWIFT SOFTWARE INC",142,1.0000
"PALO ALTO NETWORKS, INC.",142,1.0000
"PAMTEN, INC.",142,1.0000
"MASTECH RESOURCING, INC.",142,1.0000
"THE UNIVERSITY OF TEXAS HEALTH SCIENCE CENTER AT HOUSTON",142,1.0000
"SONATA SOFTWARE NORTH AMERICA, INC.",142,1.0000
"TRUSTEES OF BOSTON UNIVERSITY",141,1.0000
"UBS SECURITIES LLC",141,1.0000
"SWANKTEK INC",141,1.0000
"EMETEORS INC",141,1.0000
"MEGATRENDZ MEDIA USA INC.",141,1.0000
"MONTEFIORE MEDICAL CENTER",141,1.0000
"JNIT TECHNOLOGIES",141,1.0000
"NOKIA SOLUTIONS AND NETWORKS US LLC",140,1.0000
"POLARIS CONSULTING & SERVICES LTD",140,1.0000
"THE TRUSTEES OF PRINCETON UNIVERSITY",140,1.0000
"APPLIED MATERIALS, INC.",140,1.0000
"CITADEL INFORMATION SERVICES INC.",139,1.0000
"KYYBA INC.",139,1.0000
"HP ENTERPRISE SERVICES, LLC",139,1.0000
"HSBC BANK USA, N.A.",139,1.0000
"MURPHY-BROWN LLC",139,1.0000
"PIONEER CONSULTING SERVICES LLC",139,1.0000
"LOGIC PLANET, INC.",138,1.0000
"RELIANCE IT SERVICES INC.",138,1.0000
"MORGAN STANLEY & CO. LLC",138,1.0000
"NIC INFO TEK INC",138,1.0000
"SAAMA TECHNOLOGIES, INC.",138,1.0000
"SAIBERSYS INC",138,1.0000
"TERADATA OPERATIONS, INC.",137,1.0000
"THE GAP, INC.",137,1.0000
"YELP INC.",137,1.0000
"GENESIS ELDERCARE REHABILITATION SERVICES, LLC",137,1.0000
"CALIFORNIA CREATIVE SOLUTIONS, INC.",137,1.0000
"ACWIRON GLOBAL SOLUTIONS LLC",137,1.0000
"QUEST IT SOLUTIONS, INC",137,1.0000
"REDEEMSOFT, LLC",136,1.0000
"REVEREIT LLC",136,1.0000
"INFOLOB SOLUTIONS, INC.",136,1.0000
"STAT9 TECHNOLOGIES INC.",136,1.0000
"8K MILES SOFTWARE SERVICES INC",136,1.0000
"BELL INFO SOLUTIONS,LLC",136,1.0000
"DATA, INC.",136,1.0000
"APPLIED COMPUTER TECHNIQUES",136,1.0000
"FIRST TEK, INC.",135,1.0000
"INFOMERICA, INC.",135,1.0000
"LANCESOFT, INC.",135,1.0000
"NGA GROUP, INC.",135,1.0000
"HALLIBURTON ENERGY SERVICES, INC.",135,1.0000
"TANISHA SYSTEMS INC",135,1.0000
"THE CURATORS OF THE UNIVERSITY OF MISSOURI",135,1.0000
"TECHNUMEN, INC",134,1.0000
"SATIN SOLUTIONS LLC",134,1.0000
"TRANS AMERICAN INFORMATION SYSTEMS INC",134,1.0000
"UNIVERSITY OF HOUSTON SYSTEM",134,1.0000
"FIS MANAGEMENT SERVICES, LLC",134,1.0000
"ARISTA NETWORKS, INC.",134,1.0000
"ADVENT GLOBAL SOLUTIONS INC.",134,1.0000
"MAVRICK SOFTWARE AND TELECOM SERVICES, INC.",134,1.0000
"PINTEREST, INC.",134,1.0000
"LAWRENCE BERKELEY NATIONAL LABORATORY",133,1.0000
"SYSINTELLI INC",133,1.0000
"YBRANT TECHNOLOGIES LLC.",133,1.0000
"SIERRA INFOSYS, INC",133,1.0000
"FCA US LLC",133,1.0000
"APPS ASSOCIATES, LLC",133,1.0000
"AMERICAN EXPRESS COMPANY",132,1.0000
"INFOSTRETCH CORPORATION",132,1.0000
"JOHNSON CONTROLS, INC.",132,1.0000
"SAPOT SYSTEMS INC",132,1.0000
"VISTA APPLIED SOLUTIONS GROUP INC",132,1.0000
"SOFTPATH SYSTEMS INC",132,1.0000
"ANTRA INC.",131,1.0000
"CYBAGE SOFTWARE INC",131,1.0000
"CAPITAL ONE, NATIONAL ASSOCIATION",131,1.0000
"HEALTH CAROUSEL, LLC",131,1.0000
"NIHAKI SYSTEMS INC",131,1.0000
"NATIONWIDE INSURANCE",130,1.0000
"KPIT INFOSYSTEMS INCORPORATED",130,1.0000
"OBERON IT, INC.",130,1.0000
"PALVAI GLOBAL SERVICES INC",130,1.0000
"TEMPLE UNIVERSITY--A COMMONWEALTH UNIVERSITY",130,1.0000
"YANA SOFTWARE INC",130,1.0000
"CASE WESTERN RESERVE UNIVERSITY",130,1.0000
"GENESIS ELDERCARE REHABILITATION SERVICES, INC.",129,1.0000
"BANK OF THE WEST",129,1.0000
"BARCLAYS CAPITAL INC.",129,1.0000
"MAGANTI IT RESOURCES, LLC",129,1.0000
"SAMSUNG ELECTRONICS AMERICA, INC.",129,1.0000
"UNITED SOFTWARE GROUP INC.",128,1.0000
"CINCINNATI CHILDREN'S HOSPITAL MEDICAL CENTER",128,1.0000
"CITADEL LLC",128,1.0000
"CORNELL UNIVERSITY",128,1.0000
"ORPINE, INC.",128,1.0000
"LOGIC PLANET INC",128,1.0000
"GULFSTREAM AEROSPACE CORPORATION",128,1.0000
"HORTONWORKS, INC",127,1.0000
"INTEGRATED RESOURCES, INC",127,1.0000
"IOWA STATE UNIVERSITY OF SCIENCE AND TECHNOLOGY",127,1.0000
"ORACLE FINANCIAL SERVICES SOFTWARE, INC.",127,1.0000
"SCHNEIDER ELECTRIC USA, INC.",127,1.0000
"THE FOUNTAIN GROUP LLC",127,1.0000
"AMGEN INC.",127,1.0000
"ASTA CRS, INC.",127,1.0000
"CAMELOT INTEGRATED SOLUTIONS INC",127,1.0000
"ADITI TECHNOLOGIES PVT. LTD.",127,1.0000
"CB&I INC.",127,1.0000
"ARCUS TECHNOLOGIES DBA KAT TECH SYSTEMS, INC.",126,1.0000
"ABBVIE INC",126,1.0000
"TECH MATRIX INC",126,1.0000
"UNIVERSITY OF KENTUCKY",126,1.0000
"SPERIDIAN TECHNOLOGIES, LLC",126,1.0000
"SAGARSOFT, INC",126,1.0000
"SAMSUNG RESEARCH AMERICA, INC.",125,1.0000
"TEK SERVICES, LLC",125,1.0000
"SMARTSOFT INTERNATIONAL, INC.",125,1.0000
"PREMIER IT SOLUTIONS, INC",125,1.0000
"DETROIT ENGINEERED PRODUCTS, INC.",125,1.0000
"ARISTON TEK INC",125,1.0000
"AVIGHNA GLOBAL SOLUTIONS LLC",124,1.0000
"UHCP D/B/A UPMC MEDICAL EDUCATION",124,1.0000
"TEXAS TECH UNIVERSITY",124,1.0000
"W/H/I/P SYSTEMS, LLC D/B/A AROGHIA GROUP, LLC",124,1.0000
"PRIMESOFT, INC",124,1.0000
"HUGHES NETWORK SYSTEMS LLC",124,1.0000
"MASTERCARD INTERNATIONAL INCORPORATED",124,1.0000
"INSPIRAGE LLC",124,1.0000
"JEAN MARTIN INC",124,1.0000
"GSPANN TECHNOLOGIES, INC.",123,1.0000
"REVISION TECHNOLOGIES INC",123,1.0000
"PARAM CONSULTING SERVICES, INC",123,1.0000
"AQUA INFORMATION SYSTEMS, INC.",123,1.0000
"CARNEGIE MELLON UNIVERSITY",123,1.0000
"COOLSOFT LLC",123,1.0000
"GILEAD SCIENCES, INC.",123,1.0000
"VSION TECHNOLOGIES, INC.",123,1.0000
"WELLS FARGO BANK, N.A.",123,1.0000
"STIAOS TECHNOLOGIES INC",123,1.0000
"SPARTA CONSULTING INC.",122,1.0000
"WEBJECT SYSTEMS, INC.",122,1.0000
"SHUBH SOLUTIONS LLC",122,1.0000
"VENTURESOFT GLOBAL INC",122,1.0000
"UNIVERSAL SOFTWARE CORPORATION",121,1.0000
"VARNAR INC",121,1.0000
"SOFTWARE TECHNOLOGY LABS INC",121,1.0000
"SAMITI TECHNOLOGY INC.",121,1.0000
"TECHNO-COMP INC",121,1.0000
"THE NIELSEN COMPANY (US), LLC",121,1.0000
"QUANTUM INTEGRATORS GROUP , LLC",121,1.0000
"LORSIV TECHNOLOGIES INC",121,1.0000
"MAXIM INTEGRATED PRODUCTS, INC.",121,1.0000
"INFOSHARE SYSTEMS, INC.",120,1.0000
"THE UNIVERSITY OF GEORGIA",120,1.0000
"UNIVERSITY OF MASSACHUSETTS MEDICAL SCHOOL",120,1.0000
"ROBERT BOSCH LLC",120,1.0000
"WRIGHT CENTER FOR GRADUATE MEDICAL EDUCATION",119,1.0000
"UNIVERSITY OF CONNECTICUT",119,1.0000
"ISITE TECHNOLOGIES INC",119,1.0000
"MANHATTAN ASSOCIATES, INC.",119,1.0000
"PROLIFICS, INC.",119,1.0000
"PARTNERS HEALTHCARE",119,1.0000
"GRANT THORNTON LLP",119,1.0000
"ANA-DATA CONSULTING INC",119,1.0000
"AIKYA INFORMATION SYSTEMS INC",119,1.0000
"AKHSAYA INC",119,1.0000
"CRITICALRIVER, INC.",119,1.0000
"DANA-FARBER CANCER INSTITUTE",118,1.0000
"CAVALIER IT INC.",118,1.0000
"CLEARLITE, INC.",118,1.0000
"GLOBALPOINT, INC.",118,1.0000
"AMERICAN IT RESOURCE GROUP, INC.",118,1.0000
"XAVIENT INFORMATION SYSTEMS INC.",118,1.0000
"OPUS CONSULTING SOLUTIONS, INC.,",118,1.0000
"IDOL SOLUTIONS INC",118,1.0000
"LENDINGCLUB CORPORATION",118,1.0000
"PALANTIR TECHNOLOGIES INC.",117,1.0000
"PTC INC.",117,1.0000
"3S BUSINESS CORPORATION",117,1.0000
"ANIRA SOLUTIONS INC",117,1.0000
"APPSTEK, INC",117,1.0000
"SYNAPSIS INC",117,1.0000
"THE UNIVERSITY OF TENNESSEE",117,1.0000
"VALUELABS, INC.",117,1.0000
"WEST VIRGINIA UNIVERSITY",116,1.0000
"SARAS AMERICA INC.",116,1.0000
"SYSTEMS TECHNOLOGY GROUP, INC.",116,1.0000
"TECHDEMOCRACY LLC",116,1.0000
"PORTAL CONSULTING INC",116,1.0000
"QUALIHI SOFTWARE SOLUTIONS INC.",116,1.0000
"NAVITAS BUSINESS CONSULTING INC",116,1.0000
"PLATINUM EMPIRE GROUP INC.",116,1.0000
"CRESTTEK LLC",116,1.0000
"FORECAST MANAGEMENT SOLUTIONS,INC",116,1.0000
"EMERGTECH BUSINESS SOLUTIONS INC",116,1.0000
"ELECTRONIC ARTS, INC.",115,1.0000
"EZ2 TECHNOLOGIES, INC.",115,1.0000
"FEDERAL HOME LOAN MORTGAGE CO.",115,1.0000
"ARICENT N.A. INC.",115,1.0000
"SYNOPSYS, INC.",115,1.0000
"TRIESTEN TECHNOLOGIES LLC",115,1.0000
"JUNIPER NETWORKS, INC.",115,1.0000
"MU SIGMA, INC.",115,1.0000
"NEO PRISM SOLUTIONS LLC",114,1.0000
"INTELLECT BUSINESS SOLUTIONS, LLC",114,1.0000
"KINECTRA LLC",114,1.0000
"AIG PC GLOBAL SERVICES, INC.",114,1.0000
"UNIVERSITY OF ROCHESTER",114,1.0000
"X-EDE IT SOLUTIONS LLC",114,1.0000
SOFTHQ,114,1.0000
"ST. JUDE CHILDREN'S RESEARCH HOSPITAL",113,1.0000
"SAGITEC SOLUTIONS, LLC",113,1.0000
"PROSOFT TECHNOLOGIES INC",113,1.0000
"INFORMATICA LLC",113,1.0000
"MACQUARIE HOLDINGS (USA) INC.",113,1.0000
"MAGNUS SOFTWARE SOLUTIONS LLC",113,1.0000
"MARUTHI TECHNOLOGIES, LLC",113,1.0000
"CLOUDWICK TECHNOLOGIES INC.",113,1.0000
"DELPHI CORPORATION",113,1.0000
"AMERICLOUD SOLUTIONS, INC.",112,1.0000
"ENTERNET BUSINESS SYSTEMS, INC",112,1.0000
"ERP GLOBAL, INC.",112,1.0000
"SENA INFO TECHNOLOGIES, INC.",112,1.0000
"UNIVERSITY OF TEXAS MEDICAL BRANCH AT GALVESTON",112,1.0000
"SOGETI USA, LLC",112,1.0000
"STANDAV CORP.",112,1.0000
"PRISTINE REHAB CARE, LLC",112,1.0000
"REGENTS OF THE UNIVERSITY OF CALIFORNIA AT RIVERSIDE",112,1.0000
"HADIAMONDSTAR SOFTWARE SOLUTIONS, LLC",112,1.0000
"HONEYWELL INTERNATIONAL INC.",112,1.0000
"OBJECT FRONTIER, INC.",111,1.0000
"PRITHVI AMERICAS INC",111,1.0000
"EPITEC, INC.",111,1.0000
"APPS SOLUTIONS INC",111,1.0000
"SUNRAY ENTERPRISE, INC.",111,1.0000
"WAYFAIR LLC",111,1.0000
"VINTECH SOLUTIONS INC",110,1.0000
"VIRTUE GROUP, LLC",110,1.0000
"LAM RESEARCH CORPORATION",110,1.0000
"IMETRIS CORPORATION",110,1.0000
"ANAGH TECHNOLOGIES INC.",110,1.0000
"FORTINET, INC.",110,1.0000
"GOLDMAN, SACHS &AMP; CO.",110,1.0000
"BRISTOL-MYERS SQUIBB COMPANY",110,1.0000
"CUBIC TECHNOLOGIES, LLC",109,1.0000
"ANSYS, INC.",109,1.0000
"VIGILANT TECHNOLOGIES LLC",109,1.0000
"TATA TECHNOLOGIES, INC.",109,1.0000
"TECHNIP USA, INC.",109,1.0000
"VALUE CONSULTING LLC",109,1.0000
"INFINITE COMPUTER SOLUTIONS, INC.",109,1.0000
"INTERNATIONAL SOFTWARE SYSTEMS INC",109,1.0000
"RAISER TECHNOLOGIES INC",109,1.0000
"LAKSAN TECHNOLOGIES LLC",109,1.0000
"MEGAN SOFT, INC.",109,1.0000
"MENTOR GRAPHICS CORPORATION",109,1.0000
"MEDCOMPS CORPORATION",108,1.0000
"INFOSYTECH SOLUTIONS INC.",108,1.0000
"NICIRA, INC.",108,1.0000
"KELLY SERVICES, INC.",108,1.0000
"LIQUIDHUB, INC.",108,1.0000
"OREGON STATE UNIVERSITY",108,1.0000
"SELSOFT, INC.",108,1.0000
"TABNER, INC.",108,1.0000
"TECHASPECT SOLUTIONS INC",108,1.0000
"SYSTEL INC OF DELAWARE",107,1.0000
"TECH THEME SOLUTIONS INC",107,1.0000
"VASTIKA, INC.",107,1.0000
"WHIRLPOOL CORPORATION",107,1.0000
"SERVESYS CORPORATION",107,1.0000
"CITIGROUP TECHNOLOGY, INC.",107,1.0000
"INFOSYS BPO LIMITED",107,1.0000
"INNOVATIVE INFORMATION TECHNOLOGIES,INC",107,1.0000
"KEYPIXEL SOFTWARE SOLUTIONS LLC",107,1.0000
"LERA TECHNOLOGIES LLC",107,1.0000
"NUTANIX, INC.",107,1.0000
"MOTOROLA SOLUTIONS, INC.",106,1.0000
"OSAIR TECHNOLOGIES LLC",106,1.0000
"IT SPIN INC",106,1.0000
"SIGMA SOFTWARE LLC",106,1.0000
"UNIVERSITY OF MARYLAND, BALTIMORE",106,1.0000
"THE ADVISORY BOARD COMPANY",106,1.0000
"VISA U.S.A. INC.",106,1.0000
"ABB INC.",106,1.0000
"ESYSTEMS, INC.",106,1.0000
"CALIFORNIA INSTITUTE OF TECHNOLOGY",105,1.0000
"ARICENT N.A.",105,1.0000
"DATAQUEST CORP",105,1.0000
"INFOMATICS CORP",105,1.0000
"L&T TECHNOLOGY SERVICES, LTD.",105,1.0000
"WORKDAY, INC.",105,1.0000
"UNIKON IT INC",105,1.0000
"RSR UNLIMITED INC.",105,1.0000
"SWIFT TECHNOLOGIES, INC.",105,1.0000
"THE UNIVERSITY OF TENNESSEE HEALTH SCIENCE CENTER",105,1.0000
"SNW INFOTECH INC",104,1.0000
"DECIPHER SOFTWARE SOLUTIONS",104,1.0000
"DIRECTV LLC",104,1.0000
"AMAZON.COM.DEDC, LLC",104,1.0000
"BITWISE, INC.",104,1.0000
"CAREFUSION RESOURCES, LLC",104,1.0000
"MAKDI SOFTWARE SERVICES LLC",104,1.0000
"ORCHESTRA TECHNOLOGY, INC",104,1.0000
"PROPELSYS TECHNOLOGIES LLC",104,1.0000
"RACKSPACE US, INC.",104,1.0000
"I-LINK SOLUTIONS INC.",103,1.0000
"ILLUMINA, INC.",103,1.0000
"VEROTECH SOLUTIONS,LLC",103,1.0000
"YOUNGSOFT INC.",103,1.0000
"DB SERVICES NJ INC",103,1.0000
"DGN TECHNOLOGIES INC",103,1.0000
"EALEARN INC",103,1.0000
"EMAESTRO TECHNOLOGIES INC",103,1.0000
"CHEMTEX ENVIRONMENTAL LABORATORY, INC.",103,1.0000
"ARROW ELECTRONICS, INC.",103,1.0000
"BALTIMORE CITY PUBLIC SCHOOLS",103,1.0000
"AMERICAN TECH VISION SOLUTIONS LLC",102,1.0000
"AMERICAN TECHNOLOGY CONSULTING, LLC",102,1.0000
"COOLSOFT, LLC",102,1.0000
"PROWISE SOLUTIONS, INC.",102,1.0000
"QUADRANT RESOURCE LLC",102,1.0000
"R2 TECHNOLOGIES LLC",102,1.0000
"HALLMARK GLOBAL TECHNOLOGIES INC",102,1.0000
"SNAPCHAT, INC.",102,1.0000
"STATE UNIVERSITY OF NEW YORK AT BUFFALO",102,1.0000
"TEKORG INC",102,1.0000
"SILICON STAFF IT SERVICES, INC.",102,1.0000
"SYNERZY SOFTWARE SOLUTIONS INC",101,1.0000
"APPDYNAMICS, INC.",101,1.0000
"FIREEYE, INC.",101,1.0000
"HIRACLE INC",101,1.0000
"IT TRAILBLAZERS, LLC",101,1.0000
"NIXSOL, INC",101,1.0000
"KRYPTO IT SOLUTIONS, INC",101,1.0000
"REHABCARE GROUP EAST, INC.",101,1.0000
"INFOSMART TECHNOLOGIES, INC",100,1.0000
"OPENWAVE COMPUTING LLC",100,1.0000
"MILLENNIUM INFO TECH, INC.",100,1.0000
"UBS SERVICES LLC",100,1.0000
"VED SOFTWARE SERVICES INC",100,1.0000
"SRIVEN SYSTEMS, INC",100,1.0000
"FISERV GLOBAL SERVICES, INC.",100,1.0000
"CROM TECHNOLOGY INC",100,1.0000
"CUMMINS EMISSION SOLUTIONS INC.",100,1.0000
"DATAMATICS GLOBAL SERVICES INC",100,1.0000
"DR TECHNOLOGIES INC",100,1.0000
"BLUE CROSS BLUE SHIELD OF MICHIGAN",100,1.0000
"BUSINESS INTELLI SOLUTIONS INC",100,1.0000
"A.T. KEARNEY, INC.",100,1.0000
"CATERPILLAR INC.",100,1.0000
"GEORGIA INSTITUTE OF TECHNOLOGY",99,1.0000
"EPIC SYSTEMS CORPORATION",99,1.0000
"ADECCO GROUP NA/MODIS, INC.",99,1.0000
"ARTECH INFORMATION SYSTEMS LLC",99,1.0000
"MICROINFO IT,INC",99,1.0000
"PAREXEL INTERNATIONAL",99,1.0000
"INTERACTIVE COMMUNICATIONS INTERNATIONAL, INC.",99,1.0000
"SIRITEK INC",99,1.0000
"SOGETI USA LLC",99,1.0000
"SYSFORE TECHNOLOGIES, INC.",99,1.0000
"VORTALSOFT, INC",99,1.0000
"WASHINGTON STATE UNIVERSITY",99,1.0000
"SAMSUNG AUSTIN SEMICONDUCTOR, L.L.C.",99,1.0000
"TEKWISSEN LLC",98,1.0000
ZUSYS,98,1.0000
"STARBUCKS COFFEE COMPANY",98,1.0000
"FUTURETECH CONSULTANTS, LLC.",98,1.0000
"ACCEL INTERNATIONAL INC.",98,1.0000
"INFOR (US), INC.",98,1.0000
"QUEST GLOBAL SERVICES-NA, INC",98,1.0000
"HAPPIEST MINDS TECHNOLOGIES PRIVATE LTD.",98,1.0000
"I 5 TECH, INC",98,1.0000
"HP INC.",97,1.0000
"OREGON HEALTH & SCIENCE UNIVERSITY",97,1.0000
"SOFTOVA INC",97,1.0000
"SAVVY INFO SYSTEMS INC",97,1.0000
"CELLCO PARTNERSHIP",97,1.0000
"GALAXE.SOLUTIONS, INC",97,1.0000
"GENUINEIT LLC",97,1.0000
"ETEST IT, INC.",97,1.0000
"ENTERPRISE IT RESOURCES, INC",96,1.0000
"A9.COM, INC.",96,1.0000
"AIRYSOFT, INC",96,1.0000
"AOL, INC.",96,1.0000
"PURE STORAGE, INC.",96,1.0000
"REVA CONSULTING INC",96,1.0000
"IDRIL SERVICES CORPORATION",96,1.0000
"LANCO GLOBAL SYSTEMS INC",96,1.0000
"LENMAR CONSULTING INC.",96,1.0000
"MITCHELL/MARTIN, INC.",96,1.0000
"SG AMERICAS SECURITIES, LLC",96,1.0000
"SQUARE, INC.",96,1.0000
"TECHNOLABS INC",96,1.0000
"UCHICAGO ARGONNE, LLC",96,1.0000
"UNIGO, INC",96,1.0000
"UNIVERSITY OF PITTSBURGH PHYSICIANS",96,1.0000
"VALUEMOMENTUM, INC.",95,1.0000
"SUN SOFT TECHNOLOGIES, INC",95,1.0000
"THE SHERWIN-WILLIAMS COMPANY",95,1.0000
"ARIBA, INC.",95,1.0000
"ALLTECH CONSULTING SERVICES INC.",95,1.0000
"COMSCORE, INC.",95,1.0000
"BLACK & VEATCH CORPORATION",95,1.0000
"C2S TECHNOLOGIES INC",95,1.0000
"MILLENNIUM SOFTWARE, INC.",95,1.0000
"INDUS VALLEY CONSULTANTS, INC.",95,1.0000
"INVOLGIXS INC",95,1.0000
"ITELLIGENCE, INC.",95,1.0000
"KANSAS STATE UNIVERSITY",95,1.0000
"LITMUS7 SYSTEMS CONSULTING INC.",94,1.0000
"NORTH DOME SOLUTIONS",94,1.0000
"PRABHAV SERVICES INC.",94,1.0000
"HERE NORTH AMERICA, LLC",94,1.0000
"HIRE IT PEOPLE, LLC",94,1.0000
"THIRTHASOFT,LLC",94,1.0000
"SCHWEITZER ENGINEERING LABORATORIES, INC.",94,1.0000
"WAYNE STATE UNIVERSITY",94,1.0000
"APPLEXUS TECHNOLOGIES LLC",94,1.0000
"ARM, INC.",94,1.0000
"CORNERSTONE RESEARCH, INC.",94,1.0000
"ALINDUS, INC.",94,1.0000
"ENVIRONMENTAL SYSTEMS RESEARCH INSTITUTE, INC.",93,1.0000
"HUMAC, INC.",93,1.0000
"INDEED, INC.",93,1.0000
"INFO SERVICES LLC",93,1.0000
"SYMBIOUN TECHNOLOGIES, INC.",93,1.0000
"SYRAINFOTEK LLC",93,1.0000
"THE CHILDREN'S HOSPITAL OF PHILADELPHIA",93,1.0000
"VERINON TECHNOLOGY SOLUTIONS LTD.",93,1.0000
"VAKTECH CORPORATION, LLC",92,1.0000
"VALTECH SOLUTIONS INC.",92,1.0000
"TECHMINDS GROUP LLC",92,1.0000
"XCHANGING SOLUTIONS (USA) INC",92,1.0000
"SBP CONSULTING INC.",92,1.0000
"SIEMENS ENERGY, INC.",92,1.0000
"SOFTLABZ CORPORATION",92,1.0000
"ST. LUKE'S -ROOSEVELT HOSPITAL CENTER",92,1.0000
"EVEREST COMPUTERS INC.",92,1.0000
"A2Z DEVELOPMENT CENTER INC",92,1.0000
"AKKEN INC",92,1.0000
"BUSINESS REPORTING MANAGEMENT SERVICES INC.",92,1.0000
"DILIGENT GROUP LLC",92,1.0000
"FRED HUTCHINSON CANCER RESEARCH CENTER",92,1.0000
"CLAIRVOYANT TECHNOSOLUTIONS INC.",92,1.0000
"CODE ACE SOLUTIONS INC",92,1.0000
"IMS HEALTH INCORPORATED",92,1.0000
"INFOGEN SOFTWARE INC.",92,1.0000
"INTERACTIVE MEDIA LABS, LLC",92,1.0000
"IT DIVISION, INC.",92,1.0000
"HOUSTON INDEPENDENT SCHOOL DISTRICT",92,1.0000
"MSX AMERICAS INC",92,1.0000
"NORTHWELL HEALTH",92,1.0000
"MORGAN STANLEY AND CO LLC",91,1.0000
"KEY BUSINESS SOLUTIONS, INC",91,1.0000
"LHP SOFTWARE, LLC",91,1.0000
"MAJESCO SOFTWARE AND SOLUTIONS, INC.",91,1.0000
"PRECISION TECHNOLOGIES CORP.",91,1.0000
"JACOBS ENGINEERING GROUP INC.",91,1.0000
"STAPLES, INC.",91,1.0000
"SVK TECHNOLOGY SOLUTIONS, INC.",91,1.0000
"RITE AID CORP.",91,1.0000
"SAINT LOUIS UNIVERSITY",91,1.0000
"AMERISOFTPRO SYSTEMS LLC",91,1.0000
"GOOGLE, INC.",91,1.0000
"GEOMETRIC AMERICAS, INC",90,1.0000
"GLOBAL PHARMA TEK, LLC",90,1.0000
"ADVANCED TECHNOLOGY GROUP USA INC",90,1.0000
"AMERICAN INFORMATION TECHNOLOGY CORPORATION",90,1.0000
"AMERICAN UNIT, INC",90,1.0000
"AUTOLIV ASP, INC.",90,1.0000
"BAHA INDUSTRIES CORP.",90,1.0000
"CROWD SOFTWARE CONSULTING LLC",90,1.0000
"INFODAT INTERNATIONAL INC",90,1.0000
"NATIONAL OILWELL VARCO, L.P.",90,1.0000
"PROSOFT TECHNOLOGY GROUP, INC.",90,1.0000
"HORIZON INTERNATIONAL TRADING. INC",90,1.0000
"MCKESSON CORPORATION",90,1.0000
"SUNMERGE SYSTEMS INC.",90,1.0000
"TECHWAVE CONSULTING INC",89,1.0000
"VIRGINIA POLYTECHNIC INSTITUTE & STATE UNIVERSITY",89,1.0000
"XILINX, INC.",89,1.0000
"DOCMATION LLC",89,1.0000
"GLOBUS IT INCORPORATED",89,1.0000
"ANALOG DEVICES INC",89,1.0000
"ANDHUS TECHNOLOGIES INC",89,1.0000
"MARSHFIELD CLINIC",89,1.0000
"MINDLANCE, INC.",89,1.0000
"INFINERA CORPORATION",89,1.0000
"JACKSON THERAPY PARTNERS HOLDINGS, LLC",89,1.0000
"NATIONAL FINANCIAL LLC",89,1.0000
"PROMATRIX CORP",89,1.0000
"REVERE INFO TECH, INC",89,1.0000
"QUINNOX, INC.",88,1.0000
"RALLY SYSTEMS INC.",88,1.0000
"MERIDIANSOFT, INC.",88,1.0000
"PHILIPS ELECTRONICS NORTH AMERICA CORPORATION",88,1.0000
"LIFE TECHNOLOGIES CORPORATION",88,1.0000
"MOBILE PROGRAMMING LLC",88,1.0000
"NOBLESOFT SOLUTIONS, INC.",88,1.0000
"VIGNA, INC.",88,1.0000
"WAYNSYS, INC",88,1.0000
"UNIVERSITY OF CALIFORNIA, IRVINE",88,1.0000
"UNIVERSITY OF OKLAHOMA",88,1.0000
"TALENT IT SERVICES, INC.",88,1.0000
"THE DOW CHEMICAL COMPANY",88,1.0000
"SOLARCITY CORPORATION",88,1.0000
"SONY NETWORK ENTERTAINMENT INTERNATIONAL LLC",88,1.0000
"ESSENTIAL TECHNOLOGIES, INC.,",88,1.0000
"AMADEUS NORTH AMERICA, INC.",88,1.0000
"CSTS TECHNOLOGIES INC",87,1.0000
"DISH NETWORK LLC",87,1.0000
"BOARD OF REGENTS OF THE UNIVERSITY OF NEBRASKA",87,1.0000
"FREESCALE SEMICONDUCTOR, INC.",87,1.0000
"PARAMOUNT GLOBAL SOLUTIONS INC",87,1.0000
"RESOURCE POINT, LLC",87,1.0000
"KIRANAM TECHNOLOGIES INC",87,1.0000
"KONKASOFT, LLC",87,1.0000
"IMATRIX CORP",87,1.0000
"INTERNATIONAL TECHNOLOGIES PRO, LLC",87,1.0000
"IT CATS, LLC",87,1.0000
"ITCAPS LLC",87,1.0000
"YASHCO SYSTEMS, INC.",87,1.0000
"SAIPSIT, INC.",87,1.0000
"SCHRILL TECHNOLOGIES INC.",87,1.0000
"SEVEN SEAS TECHNOLOGIES, INC.",87,1.0000
"SVK SYSTEMS INC",87,1.0000
"THOMSON REUTERS (MARKETS) LLC",87,1.0000
"TRU SOLUTION SYSTEMS LLC",87,1.0000
"UNITED IT SOLUTIONS INC",87,1.0000
"UNIVERSITY OF NOTRE DAME DU LAC",87,1.0000
"US IT SOLUTIONS INC",87,1.0000
"VECTOR SYSTEMS, INC.",87,1.0000
"VISUAL BI SOLUTIONS, INC.",86,1.0000
"W.M. RICE UNIVERSITY",86,1.0000
"SOFTNICE, INC.",86,1.0000
"TACHYON TECHNOLOGIES LLC",86,1.0000
"TECHORBIT INC",86,1.0000
