SOC_NAME,NumberApplications,ShareOfTotalAsPercent,ROUND(AVG(PREVAILING_WAGE)),STDDEV(PREVAILING_WAGE)
"SOFTWARE DEVELOPERS, APPLICATIONS",121239,4.0,97407,1537499.1051267139
"COMPUTER SYSTEMS ANALYSTS",98755,3.3,93170,1668643.2136818075
"COMPUTER PROGRAMMERS",81822,2.7,68957,961333.1795011943
"COMPUTER OCCUPATIONS, ALL OTHER",53880,1.8,84831,1443679.3279658651
"SOFTWARE DEVELOPERS, SYSTEMS SOFTWARE",21849,0.7,103986,1254601.3906846687
"COMPUTER SYSTEMS ANALYST",16835,0.6,71568,13747.041908133695
"MANAGEMENT ANALYSTS",15010,0.5,91132,1411732.9195127236
"ACCOUNTANTS AND AUDITORS",11204,0.4,66134,837052.9719499829
"NETWORK AND COMPUTER SYSTEMS ADMINISTRATORS",11152,0.4,76937,957679.240228459
"MECHANICAL ENGINEERS",9616,0.3,101420,2034267.3567309
"FINANCIAL ANALYSTS",9605,0.3,94339,1394800.4377033121
"DATABASE ADMINISTRATORS",8741,0.3,101662,2162953.5287843063
"MARKET RESEARCH ANALYSTS AND MARKETING SPECIALISTS",8090,0.3,55885,20553.896868249903
"OPERATIONS RESEARCH ANALYSTS",8009,0.3,73155,22453.77032636482
"ELECTRONICS ENGINEERS, EXCEPT COMPUTER",6807,0.2,92137,21416.306143788715
"COMPUTER AND INFORMATION SYSTEMS MANAGERS",6190,0.2,164304,3296608.6985938856
"ELECTRICAL ENGINEERS",5986,0.2,158673,3428827.3400602876
"PHYSICIANS AND SURGEONS, ALL OTHER",5938,0.2,171142,4044909.7428741204
"MEDICAL SCIENTISTS, EXCEPT EPIDEMIOLOGISTS",4807,0.2,49911,15408.086120033964
"WEB DEVELOPERS",4784,0.2,60640,64596.951409761816
STATISTICIANS,4161,0.1,105979,2155695.073041586
"SOFTWARE QUALITY ASSURANCE ENGINEERS AND TESTERS",3450,0.1,60294,12688.435911398952
"BIOCHEMISTS AND BIOPHYSICISTS",3380,0.1,74854,1481394.5815102323
"INDUSTRIAL ENGINEERS",3316,0.1,72213,16769.133014653045
"BIOLOGICAL SCIENTISTS, ALL OTHER",3305,0.1,51358,13983.980100778006
"PHYSICAL THERAPISTS",3278,0.1,66728,16427.539372742587
"CIVIL ENGINEERS",3188,0.1,111156,2447391.8206171733
"MARKETING MANAGERS",2884,0.1,230632,6125778.695218957
"ENGINEERS, ALL OTHER",2868,0.1,114138,2424348.915245548
"GRAPHIC DESIGNERS",2274,0.1,76213,1127744.9247196328
CHEMISTS,2220,0.1,56857,15999.205489012282
"SALES ENGINEERS",2210,0.1,93708,26229.399748387263
"COMPUTER PROGRAMMER",2152,0.1,55373,10040.379178337602
"INTERNISTS, GENERAL",2072,0.1,143877,51619.90341950407
"GENERAL AND OPERATIONS MANAGERS",1998,0.1,137733,1626676.945112539
"HEALTH SPECIALTIES TEACHERS, POSTSECONDARY",1895,0.1,78629,36329.06421449037
"FINANCIAL MANAGERS",1808,0.1,125660,47520.66488108551
"COMPUTER SYSTEMS ENGINEERS/ARCHITECTS",1759,0.1,87183,19161.817151695424
LOGISTICIANS,1722,0.1,63359,17609.221215495018
"FINANCIAL SPECIALISTS, ALL OTHER",1648,0.1,175594,4484947.373040379
"COMMERCIAL AND INDUSTRIAL DESIGNERS",1592,0.1,56650,14885.024628243751
LAWYERS,1553,0.1,111036,42940.3101273286
"COMPUTER AND INFORMATION RESEARCH SCIENTISTS",1520,0.1,101111,155117.5319652358
"INFORMATION SECURITY ANALYSTS",1497,0.0,192486,4168452.1056732466
"HUMAN RESOURCES SPECIALISTS",1376,0.0,54840,82771.71401403092
"SECONDARY SCHOOL TEACHERS, EXCEPT SPECIAL AND",1376,0.0,45935,11636.827465555005
"COMPUTER HARDWARE ENGINEERS",1329,0.0,95966,25372.286080628564
"PUBLIC RELATIONS SPECIALISTS",1313,0.0,47760,15809.834068233302
"CHEMICAL ENGINEERS",1307,0.0,80123,23735.08597174089
"ARCHITECTURAL AND ENGINEERING MANAGERS",1283,0.0,321988,7023519.578410431
"ELEMENTARY SCHOOL TEACHERS, EXCEPT SPECIAL",1282,0.0,133344,3201622.832203011
"MATERIALS ENGINEERS",1269,0.0,79708,21391.476538446343
"BIOLOGICAL TECHNICIANS",1238,0.0,36824,10636.105014725119
"ARCHITECTS, EXCEPT LANDSCAPE AND NAVAL",1204,0.0,152001,3311117.6761820917
"DENTISTS, GENERAL",1169,0.0,106446,33704.610631322634
"BUSINESS OPERATIONS SPECIALISTS, ALL OTHER",1147,0.0,55886,16898.60971900679
"ENGINEERING TEACHERS, POSTSECONDARY",1096,0.0,60281,15742.66458729841
"BUSINESS TEACHERS, POSTSECONDARY",1081,0.0,56743,23554.343975406853
"SALES MANAGERS",1076,0.0,100556,38278.285664476105
"INFORMATION TECHNOLOGY PROJECT MANAGERS",1034,0.0,89701,21460.33028163505
"MEDICAL AND CLINICAL LABORATORY TECHNOLOGISTS",1006,0.0,50387,10446.163621197891
PHARMACISTS,992,0.0,105153,13563.445565646716
"ARCHITECTURAL AND CIVIL DRAFTERS",972,0.0,43602,7656.56370746126
"BIOMEDICAL ENGINEERS",965,0.0,68427,19921.36620300406
"COMPUTER NETWORK ARCHITECTS",963,0.0,95370,24564.97335451984
ECONOMISTS,951,0.0,77491,27870.35884979533
PHYSICISTS,927,0.0,162727,3156667.9680265947
"MATHEMATICAL SCIENCE TEACHERS, POSTSECONDARY",827,0.0,47397,13377.181975535894
"COMPLIANCE OFFICERS",823,0.0,61467,16171.575924831248
"MATERIALS SCIENTISTS",817,0.0,59049,18771.53180263538
"MANAGERS, ALL OTHER",798,0.0,95127,31720.09035934296
"FAMILY AND GENERAL PRACTITIONERS",778,0.0,139417,39597.83302088732
"COST ESTIMATORS",762,0.0,169936,3199536.5480479575
"MEDICAL AND HEALTH SERVICES MANAGERS",761,0.0,76647,24119.848149955036
"COMPUTER USER SUPPORT SPECIALISTS",720,0.0,48444,12333.203664443748
"COMPUTER SYSTEMS ENGINEERS",717,0.0,57631,10271.71570680394
ACTUARIES,705,0.0,80975,22767.154563867312
"HEALTHCARE PRACTITIONERS AND TECHNICAL WORKERS,",690,0.0,52135,14505.432323534973
"INDUSTRIAL PRODUCTION MANAGERS",684,0.0,92609,26083.98195705856
"COMPUTER NETWORK SUPPORT SPECIALISTS",676,0.0,58844,14341.173708456598
"CREDIT ANALYSTS",657,0.0,71423,25538.620681351207
"COMPUTER SCIENCE TEACHERS, POSTSECONDARY",619,0.0,174824,3002643.8415821423
"CONSTRUCTION MANAGERS",612,0.0,78271,23428.82485909761
"FOREIGN LANGUAGE AND LITERATURE TEACHERS,",606,0.0,145709,2457456.4430937776
"OCCUPATIONAL THERAPISTS",601,0.0,65604,11325.932780443667
"CHIEF EXECUTIVES",593,0.0,169707,117357.66796641702
"INTERIOR DESIGNERS",579,0.0,45417,13181.102751546257
"INSTRUCTIONAL COORDINATORS",579,0.0,48976,11897.437248535458
"FOOD SCIENTISTS AND TECHNOLOGISTS",565,0.0,55679,14716.935945444364
"TRAINING AND DEVELOPMENT SPECIALISTS",559,0.0,53283,16108.66115878174
"MULTIMEDIA ARTISTS AND ANIMATORS",559,0.0,61510,17032.28475798327
"BUDGET ANALYSTS",550,0.0,58415,11235.690116999916
"HEALTH DIAGNOSING AND TREATING PRACTITIONERS, ALL",543,0.0,53199,7922.817799408743
"TRANSPORTATION, STORAGE, AND DISTRIBUTION MANAGERS",533,0.0,85414,22606.83690635735
MICROBIOLOGISTS,516,0.0,46664,12299.068146224217
"ENVIRONMENTAL ENGINEERS",498,0.0,64840,16411.348365328802
MATHEMATICIANS,478,0.0,77001,24609.433210784027
"MIDDLE SCHOOL TEACHERS, EXCEPT SPECIAL AND",468,0.0,43923,9658.598657270308
"PEDIATRICIANS, GENERAL",460,0.0,130176,38225.47568595675
"ART DIRECTORS",453,0.0,93688,32120.760096690465
"SOIL AND PLANT SCIENTISTS",451,0.0,46275,11107.929015658927
"FASHION DESIGNERS",449,0.0,54256,18772.554441050124
"SPEECH-LANGUAGE PATHOLOGISTS",448,0.0,61968,10380.757103498168
VETERINARIANS,437,0.0,68062,25476.57973130689
EDITORS,436,0.0,51841,18629.40132502911
"GEOSCIENTISTS, EXCEPT HYDROLOGISTS AND GEOGRAPHERS",432,0.0,80262,34594.252998811775
"ECONOMICS TEACHERS, POSTSECONDARY",426,0.0,61220,18969.602817315244
PSYCHIATRISTS,410,0.0,143067,52461.51222998323
"SOFTWARE DEVELOPERS, APPLICATIONS, NON R&D",405,0.0,70282,18521.2321304658
"SOCIAL SCIENCE RESEARCH ASSISTANTS",398,0.0,37070,9241.604695438975
"ADVERTISING AND PROMOTIONS MANAGERS",378,0.0,93961,42153.51778254248
"SECURITIES, COMMODITIES, AND FINANCIAL SERVICES",362,0.0,104998,56081.634548660695
"NATURAL SCIENCES MANAGERS",350,0.0,114916,44693.365295114665
"TECHNICAL WRITERS",349,0.0,61049,16444.355445604502
"BIOLOGICAL SCIENCE TEACHERS, POSTSECONDARY",349,0.0,54425,14575.683658886894
"COACHES AND SCOUTS",348,0.0,32587,11593.474983288921
"PURCHASING MANAGERS",345,0.0,97342,45978.993071251476
"PRODUCERS AND DIRECTORS",340,0.0,66640,30632.733765713067
"AEROSPACE ENGINEERS",321,0.0,84742,21761.144852868503
"BUSINESS INTELLIGENCE ANALYSTS",321,0.0,62912,13027.285808783616
"LIFE SCIENTISTS, ALL OTHER",318,0.0,53117,13276.960221891819
"PETROLEUM ENGINEERS",315,0.0,106128,33673.31343503596
"HUMAN RESOURCES MANAGERS",315,0.0,108667,37312.47425665667
"ART, DRAMA, AND MUSIC TEACHERS, POSTSECONDARY",306,0.0,51927,45487.38002734866
"EDUCATION ADMINISTRATORS, POSTSECONDARY",301,0.0,75009,28772.563201450168
"DESIGNERS, ALL OTHER",300,0.0,48939,21859.2172056575
"REPORTERS AND CORRESPONDENTS",299,0.0,38600,17195.25330335989
"JUDICIAL LAW CLERKS",287,0.0,49645,15325.389653257753
"ENGINEERING TECHNICIANS, EXCEPT DRAFTERS, ALL",282,0.0,49164,11414.75953477827
"TEACHERS AND INSTRUCTORS, ALL OTHER",282,0.0,32899,14630.298760434887
"INTERPRETERS AND TRANSLATORS",268,0.0,41103,11690.268123187427
"SALES REPRESENTATIVES, WHOLESALE AND",267,0.0,60044,26118.54382030722
"ENVIRONMENTAL SCIENTISTS AND SPECIALISTS,",257,0.0,55515,13360.378783717293
"MARKET RESEARCH ANALYSTS AND MARKETING",253,0.0,51619,13638.456104630735
"NETWORK AND COMPUTER SYSTEMS ADMINISTRATOR",251,0.0,75106,11262.650864144342
"PARALEGALS AND LEGAL ASSISTANTS",246,0.0,47807,13425.780743608397
"CHEMISTRY TEACHERS, POSTSECONDARY",240,0.0,52280,18901.201025600258
"PHYSICS TEACHERS, POSTSECONDARY",237,0.0,55535,14765.970176038982
"MEETING, CONVENTION, AND EVENT PLANNERS",237,0.0,44213,12988.510132950521
"PUBLIC RELATIONS AND FUNDRAISING MANAGERS",229,0.0,102505,36709.96213997106
"PHYSICAL SCIENTISTS, ALL OTHER",221,0.0,63413,23295.34534969287
"REGISTERED NURSES",221,0.0,63692,13642.008340941346
"SOCIAL AND COMMUNITY SERVICE MANAGERS",219,0.0,61777,17925.420396381567
"EDUCATION TEACHERS, POSTSECONDARY",219,0.0,46208,14983.384274143948
"EDUCATIONAL, GUIDANCE, SCHOOL, AND VOCATIONAL",218,0.0,41367,11403.480070884118
"FARMERS, RANCHERS, AND OTHER AGRICULTURAL MANAGERS",218,0.0,38673,12659.202540382335
"MANAGEMENT ANALYST",217,0.0,90834,28127.084542014185
"LANDSCAPE ARCHITECTS",215,0.0,52647,10052.362969717857
"PURCHASING AGENTS, EXCEPT WHOLESALE, RETAIL, AND",214,0.0,54444,13846.001710141329
SURGEONS,209,0.0,165501,75998.99181224128
"COMPUTER SYSTEMS ANALYSTS, NON R&D",204,0.0,69250,15724.053493760224
"WRITERS AND AUTHORS",201,0.0,59606,22905.93749103963
"KINDERGARTEN TEACHERS, EXCEPT SPECIAL EDUCATION",195,0.0,42855,8970.271732013074
"PRESCHOOL TEACHERS, EXCEPT SPECIAL EDUCATION",194,0.0,31592,15081.744626146748
"ELECTRICAL ENGINEERS, R&D",190,0.0,54023,11536.727625140378
"MECHANICAL ENGINEERS, R&D",187,0.0,50980,17464.450414558265
"ATMOSPHERIC AND SPACE SCIENTISTS",185,0.0,62423,13978.253160793425
"POSTSECONDARY TEACHERS, ALL OTHER",179,0.0,48585,23392.395308365365
"HEALTH AND SAFETY ENGINEERS, EXCEPT MINING SAFETY",178,0.0,79390,23056.197669464207
"FOOD SERVICE MANAGERS",175,0.0,49663,15216.77182754809
"PSYCHOLOGY TEACHERS, POSTSECONDARY",175,0.0,49208,14577.446764659839
"COMMUNICATIONS TEACHERS, POSTSECONDARY",175,0.0,46202,12380.029311040724
"PHILOSOPHY AND RELIGION TEACHERS, POSTSECONDARY",171,0.0,48026,16464.35386159525
"MENTAL HEALTH COUNSELORS",171,0.0,37636,8298.205857042498
"LODGING MANAGERS",171,0.0,56048,19632.04169522684
"COMPUTER OCCUPATIONS, ALL OTHER*",169,0.0,66759,18120.334146878777
"HEALTH EDUCATORS",168,0.0,45363,14437.853141382413
"URBAN AND REGIONAL PLANNERS",168,0.0,57744,13693.718096162287
EPIDEMIOLOGISTS,164,0.0,61959,15932.940527829056
"MARINE ENGINEERS AND NAVAL ARCHITECTS",160,0.0,86227,18404.707668299296
"POLITICAL SCIENCE TEACHERS, POSTSECONDARY",159,0.0,53351,14548.573247584816
"DENTISTS, ALL OTHER SPECIALISTS",157,0.0,103814,43493.41900204104
"PERSONAL FINANCIAL ADVISORS",156,0.0,76277,40643.38207075408
"ADMINISTRATIVE SERVICES MANAGERS",155,0.0,62177,18620.11457743232
CURATORS,154,0.0,49702,13167.246609165799
"LEGAL SUPPORT WORKERS, ALL OTHER",150,0.0,52565,18273.91452007081
"OBSTETRICIANS AND GYNECOLOGISTS",147,0.0,151900,56956.9864337323
"ENGLISH LANGUAGE AND LITERATURE TEACHERS,",144,0.0,45862,13947.023505018777
"MEDIA AND COMMUNICATION WORKERS, ALL OTHER",136,0.0,39222,12518.677977832505
"TRAINING AND DEVELOPMENT MANAGERS",136,0.0,93386,30845.487781912263
"SPECIAL EDUCATION TEACHERS, SECONDARY SCHOOL",136,0.0,48960,15879.590061861467
"REHABILITATION COUNSELORS",136,0.0,30040,4947.093175634238
"STATISTICAL ASSISTANTS",133,0.0,44231,9248.349904039887
"SOFTWARE DEVELOPERS, APPLICATIONS, R&D",133,0.0,70448,17462.561867710563
"NETWORK AND COMPUTER SYSTEMS ADMINISTRATORS*",131,0.0,68156,17323.17653897462
"ANIMAL SCIENTISTS",123,0.0,54683,19476.862351272193
"FILM AND VIDEO EDITORS",120,0.0,48684,23949.280440075287
"COMPENSATION, BENEFITS, AND JOB ANALYSIS",120,0.0,60972,19107.722270446942
"SPECIAL EDUCATION TEACHERS, KINDERGARTEN AND",118,0.0,49711,16925.019347699035
"SOCIAL SCIENTISTS AND RELATED WORKERS, ALL OTHER",116,0.0,58632,16319.398461797802
"HISTORY TEACHERS, POSTSECONDARY",116,0.0,50444,13608.031399244543
"SPECIAL EDUCATION TEACHERS, MIDDLE SCHOOL",113,0.0,50402,16664.280937284475
"MINING AND GEOLOGICAL ENGINEERS, INCLUDING MINING",112,0.0,82798,24588.33294812551
"ARCHITECTURE TEACHERS, POSTSECONDARY",111,0.0,55166,30753.830110298066
"GEOLOGICAL AND PETROLEUM TECHNICIANS",110,0.0,56208,17085.5733038358
"CLINICAL, COUNSELING, AND SCHOOL PSYCHOLOGISTS",108,0.0,55409,14731.543588559414
ASTRONOMERS,107,0.0,58149,14501.093928666185
"NURSE PRACTITIONERS",107,0.0,81783,12858.617357129262
"SURVEY RESEARCHERS",107,0.0,45601,13360.9756844322
OPTOMETRISTS,107,0.0,88531,16649.073346609573
"FINANCIAL EXAMINERS",106,0.0,76927,24563.766346753826
"AGRICULTURAL ENGINEERS",101,0.0,56275,15107.548163332938
"SOFTWARE DEVELOPER, APPLICATIONS",100,0.0,79885,20554.222975108507
"PSYCHOLOGISTS, ALL OTHER",98,0.0,48494,14249.441648177459
"EDUCATION ADMINISTRATORS, ELEMENTARY AND SECONDARY",98,0.0,74060,19260.96484079805
ANESTHESIOLOGISTS,98,0.0,158993,62028.63446886308
"AGRICULTURAL SCIENCES TEACHERS, POSTSECONDARY",98,0.0,58155,14217.236880538858
"CIVIL ENGINEERS, R&D",97,0.0,51226,12493.997414438694
"LIFE, PHYSICAL, AND SOCIAL SCIENCE TECHNICIANS,",96,0.0,38837,9909.362147952665
"RECREATION AND FITNESS STUDIES TEACHERS,",95,0.0,44232,14422.009515111135
GEOGRAPHERS,94,0.0,44100,11967.690875522308
"DIETITIANS AND NUTRITIONISTS",93,0.0,51683,10903.679428674035
"COMPUTER PROGRAMMERS, NON R&D",91,0.0,60739,12617.735443752783
"ATMOSPHERIC, EARTH, MARINE, AND SPACE SCIENCES",91,0.0,53614,13116.09062328135
"WHOLESALE AND RETAIL BUYERS, EXCEPT FARM PRODUCTS",91,0.0,45680,11253.22266516434
"ZOOLOGISTS AND WILDLIFE BIOLOGISTS",87,0.0,49737,14430.820543131593
"ELECTRICAL AND ELECTRONIC ENGINEERING TECHNICIANS",87,0.0,49175,11648.881039197451
"CHEFS AND HEAD COOKS",86,0.0,43076,11911.535218912017
"AREA, ETHNIC, AND CULTURAL STUDIES TEACHERS,",86,0.0,51632,15206.117857640176
"OCCUPATIONAL HEALTH AND SAFETY SPECIALISTS",86,0.0,59778,15715.177628374387
"CHILD, FAMILY, AND SCHOOL SOCIAL WORKERS",85,0.0,36732,6997.102405110356
"EDUCATION ADMINISTRATORS, ALL OTHER",84,0.0,60032,16693.23810455358
"POLITICAL SCIENTISTS",81,0.0,70310,25850.247983405232
"APPLICATION PROGRAMMER",81,0.0,69307,4946.390501142035
"GEOGRAPHY TEACHERS, POSTSECONDARY",80,0.0,49517,12493.412373334684
"CHEMICAL TECHNICIANS",78,0.0,38736,6396.985065000212
"ATHLETIC TRAINERS",77,0.0,39196,11439.91134649582
"HEALTHCARE PRACTITIONERS AND TECHNICAL WORKERS",77,0.0,48362,4414.072760993973
"BOOKKEEPING, ACCOUNTING, AND AUDITING CLERKS",76,0.0,37372,9794.800887738164
"SOCIOLOGY TEACHERS, POSTSECONDARY",76,0.0,44619,9291.496556380562
"RECREATION WORKERS",74,0.0,24441,6352.076634918889
"CIVIL ENGINEERING TECHNICIANS",73,0.0,43887,10251.248778680501
"HEALTHCARE SOCIAL WORKERS",72,0.0,45160,6625.045558243737
"INSURANCE UNDERWRITERS",72,0.0,61795,19038.234563526923
"SALES REPRESENTATIVES, SERVICES, ALL OTHER",72,0.0,52476,18654.1031054475
"EDUCATION ADMINISTRATORS, PRESCHOOL AND CHILDCARE",71,0.0,39004,8546.668480515278
LIBRARIANS,71,0.0,53506,17096.974469559063
SOCIOLOGISTS,69,0.0,46808,18739.17760459217
"PROPERTY, REAL ESTATE, AND COMMUNITY ASSOCIATION",67,0.0,62407,28544.537611713775
"NURSING INSTRUCTORS AND TEACHERS, POSTSECONDARY",64,0.0,53019,14210.263054473933
"MUSIC DIRECTORS AND COMPOSERS",64,0.0,40256,11910.968907491526
"COMPUTER SYSTEM ANALYSTS",64,0.0,53587,6717.715321038953
CLERGY,63,0.0,39424,13116.707592143324
HYDROLOGISTS,63,0.0,57659,17369.893362560106
"CREDIT COUNSELORS",62,0.0,40764,10272.949161515566
"INDUSTRIAL-ORGANIZATIONAL PSYCHOLOGISTS",59,0.0,81092,18024.31495428147
"SOFTWARE DEVELOPERS, SYSTEMS SOFTWARE, NON R&D",59,0.0,74843,22401.489585275645
"DIRECTORS, RELIGIOUS ACTIVITIES AND EDUCATION",58,0.0,38731,11732.593186644253
"SELF-ENRICHMENT EDUCATION TEACHERS",58,0.0,32755,9343.137442968908
"SOFTWARE DEVELOPERS, APPLICATIONS, NON R & D",58,0.0,64576,16450.180138143634
"SOFTWARE DEVELOPERS,APPLICATIONS",57,0.0,81865,13603.265514095072
"AGRICULTURAL AND FOOD SCIENCE TECHNICIANS",57,0.0,34995,11022.043296319418
"SALES ENGINEER",55,0.0,107899,19144.54397192298
"SOCIAL SCIENCES TEACHERS, POSTSECONDARY, ALL OTHER",55,0.0,53282,25030.420505103015
"MENTAL HEALTH AND SUBSTANCE ABUSE SOCIAL WORKERS",55,0.0,33872,9382.459705502783
"SOFTWARE DEVELOPERS, SYSTEMS SOFTWARE, R&D",55,0.0,66997,18385.32727189064
"SOCIAL WORK TEACHERS, POSTSECONDARY",54,0.0,46124,13289.760790580498
"COMMUNITY AND SOCIAL SERVICE SPECIALISTS, ALL",53,0.0,66314,92429.91368995921
"MECHANICAL ENGINEER",53,0.0,68019,7879.255210405446
"PHYSICIAN ASSISTANTS",53,0.0,80645,18757.051439254577
"MOLECULAR AND CELLULAR BIOLOGISTS",52,0.0,42387,11673.560740970883
"ELECTRONICS ENGINEERS, EXCEPT COMPUTER, R&D",52,0.0,60777,13588.257504629555
FUNDRAISERS,52,0.0,50526,12945.555682908662
ACCOUNTANTS,51,0.0,2388862,16518507.669857437
"COMPUTER SYSTEMS ANALYSTS, R&D",51,0.0,60952,13251.224209968941
"MECHANICAL ENGINEERING TECHNICIANS",50,0.0,48560,14211.983508181549
"BIOINFORMATICS SCIENTISTS",50,0.0,63613,22264.503872072964
"BUSINESS OPERATIONS SPECIALISTS, ALL OTHER*",50,0.0,52595,11777.239535784953
"EXERCISE PHYSIOLOGISTS",49,0.0,46563,7944.610934209076
"ANTHROPOLOGY AND ARCHEOLOGY TEACHERS,",49,0.0,58969,15550.666509041572
"MARRIAGE AND FAMILY THERAPISTS",48,0.0,39702,7373.833226348289
CHIROPRACTORS,48,0.0,49750,18768.747370132427
"MATHEMATICAL SCIENCE OCCUPATIONS, ALL OTHER",47,0.0,54577,14022.135530429741
"EDUCATION, TRAINING, AND LIBRARY WORKERS, ALL",47,0.0,37628,8922.480971052277
"VALIDATION ENGINEERS",46,0.0,67485,13802.60920413302
"HEALTH TECHNOLOGISTS AND TECHNICIANS, ALL OTHER",45,0.0,40131,9608.620613432515
"NUCLEAR ENGINEERS",45,0.0,78780,16288.531274625233
"LAW TEACHERS, POSTSECONDARY",45,0.0,84181,52931.61614393436
"COMPUTER SUPPORT SPECIALIST",44,0.0,50983,17597.505536383997
"MECHANICAL DRAFTERS",44,0.0,45933,8930.967909490677
"AGENTS AND BUSINESS MANAGERS OF ARTISTS,",43,0.0,47596,20537.260236252798
"ADULT BASIC AND SECONDARY EDUCATION AND LITERACY",43,0.0,40100,12198.085941829551
"LOAN OFFICERS",43,0.0,55240,19666.16295175562
"ENVIRONMENTAL SCIENCE TEACHERS, POSTSECONDARY",42,0.0,60028,11612.679450660846
"SPECIAL EDUCATION TEACHERS, ALL OTHER",41,0.0,45797,15460.139619144604
"ELEMENTARY SCHOOL TEACHERS, EXCEPT SPECIAL EDUCATI",39,0.0,39837,7243.5396098106285
"SOCIAL AND HUMAN SERVICE ASSISTANTS",39,0.0,30331,6258.568373033163
"EXECUTIVE SECRETARIES AND EXECUTIVE ADMINISTRATIVE",39,0.0,2109594,12690992.156213239
"SECONDARY SCHOOL TEACHERS, EXCEPT SPECIAL AND CARE",38,0.0,46694,9404.869487122023
"CARTOGRAPHERS AND PHOTOGRAMMETRISTS",36,0.0,47519,8588.41838372837
"CRIMINAL JUSTICE AND LAW ENFORCEMENT TEACHERS,",36,0.0,46570,14343.423790677816
"SOCIAL WORKERS, ALL OTHER",36,0.0,45669,8153.46311697928
"SPECIAL EDUCATION TEACHERS, PRESCHOOL",35,0.0,48007,8834.913491678859
"CUSTOMER SERVICE REPRESENTATIVES",35,0.0,35589,8211.27439201508
SURVEYORS,34,0.0,55768,16626.137654944207
"PHARMACY TECHNICIANS",34,0.0,30651,5334.650005510042
"INDUSTRIAL ENGINEERING TECHNICIANS",34,0.0,47814,10542.432823404988
"AGRICULTURAL INSPECTORS",33,0.0,34097,5821.981956813312
"INSURANCE SALES AGENTS",33,0.0,44131,21216.937173637383
"FARM AND HOME MANAGEMENT ADVISORS",33,0.0,39589,10751.7872260897
"MATHEMATICAL TECHNICIANS",32,0.0,48685,12373.57980645056
"SET AND EXHIBIT DESIGNERS",31,0.0,45863,15527.98360887173
"SALES AND RELATED WORKERS, ALL OTHER",31,0.0,37022,13940.592572257943
"HEALTH SPECIALITIES TEACHERS, POSTSECONDARY",31,0.0,42007,8560.538995333285
"GENETIC COUNSELORS",30,0.0,56061,9228.129646822506
"SUBSTANCE ABUSE AND BEHAVIORAL DISORDER COUNSELORS",30,0.0,38154,9088.760378195499
"ENVIRONMENTAL SCIENCE AND PROTECTION TECHNICIANS,",29,0.0,38438,6707.338677834215
"COMPUTER PROGRAMMERS, R&D",29,0.0,50228,11476.325414051242
"GRAPHIC DESIGNER",29,0.0,56523,14324.281414203424
"FITNESS TRAINERS AND AEROBICS INSTRUCTORS",29,0.0,69869,183760.6377810972
"MANUFACTURING ENGINEERS",29,0.0,61718,11449.828585178133
ORTHODONTISTS,28,0.0,167165,40065.55111859471
"RESIDENTIAL ADVISORS",28,0.0,29636,6240.342630615454
"AEROSPACE ENGINEERING AND OPERATIONS TECHNICIANS",28,0.0,58939,13767.376529493533
"OFFICE AND ADMINISTRATIVE SUPPORT WORKERS, ALL",28,0.0,36778,9301.981398798891
"FOREIGN LANGUAGE AND LITERATURE TEACHERS, POSTSECO",27,0.0,42139,9253.607706971477
"SOFTWARE DEVELOPERS, APPLICATIONS, NON R&AMP;D",27,0.0,65214,13524.04596464284
"INFORMATION SECURITY ANALYSTS, WEB DEVELOPERS, AND",27,0.0,71452,16023.13497357319
"HUMAN RESOURCES ASSISTANTS, EXCEPT PAYROLL AND",27,0.0,39590,12124.775149602028
"VOCATIONAL EDUCATION TEACHERS, POSTSECONDARY",27,0.0,44233,8799.048040358155
"PRODUCTION, PLANNING, AND EXPEDITING CLERKS",27,0.0,39522,12047.672962632912
"ENVIRONMENTAL ENGINEERING TECHNICIANS",26,0.0,41467,9017.36430658674
"RECREATIONAL THERAPISTS",26,0.0,41161,10193.435427483224
"HOME ECONOMICS TEACHERS, POSTSECONDARY",26,0.0,46700,8256.713847659381
MODELS,25,0.0,71906,27458.25639259032
"MUSEUM TECHNICIANS AND CONSERVATORS",24,0.0,46620,12386.650065766295
"ELECTRICAL AND ELECTRONICS ENGINEERING TECHNICIANS",24,0.0,47623,9995.293670975805
"ADVERTISING SALES AGENTS",24,0.0,43297,22443.81553969928
"COUNSELORS, ALL OTHER",24,0.0,38435,8727.28885022138
"TAX PREPARERS",24,0.0,39593,8815.329587047872
"DATA WAREHOUSING SPECIALISTS",24,0.0,59310,10523.290443107613
AUDIOLOGISTS,24,0.0,69408,11784.75576756815
"TRANSPORTATION INSPECTORS",24,0.0,42722,12890.255362720896
"COMPUTER SUPPORT SPECIALISTS",24,0.0,47474,13178.096783359772
"MECHANICAL ENGINEERS, R&AMP;D",23,0.0,50943,12834.445698686133
PODIATRISTS,23,0.0,70816,17968.724217859904
"PHYSICAL THERAPIST ASSISTANTS",23,0.0,47088,9649.055899680658
BIOSTATISTICIANS,22,0.0,53159,10709.787876722425
"COMPENSATION AND BENEFITS MANAGERS",21,0.0,113715,37341.58326847256
"SPECIAL EDUCATION TEACHERS, PRESCHOOL,",21,0.0,47998,8993.51824567973
"AIRLINE PILOTS, COPILOTS, AND FLIGHT ENGINEERS",21,0.0,53446,20414.99974932912
"DATABASE ARCHITECTS",21,0.0,77914,25964.577681333973
"MEDICAL AND CLINICAL LABORATORY TECHNICIANS",21,0.0,38420,10340.135762444588
"ELECTRICAL ENGINEERS, NON-R&D",21,0.0,63543,12575.830039896036
"MUSICIANS AND SINGERS",20,0.0,47078,22706.66497171109
ARCHIVISTS,20,0.0,39706,8788.745368755319
"CLINICAL DATA MANAGERS",19,0.0,68158,23559.523371368086
"BUYERS AND PURCHASING AGENTS, FARM PRODUCTS",19,0.0,45649,10408.717675013322
"COOKS, RESTAURANT",19,0.0,31190,17962.00620277281
"SOFTWARE DEVELOPERS APPLICATIONS",18,0.0,76582,11913.59301373493
"COMPUTER PROGRAMMERS NON R & D",18,0.0,54564,14361.210473513318
"DENTAL LABORATORY TECHNICIANS",18,0.0,34829,11061.934117192644
"ELECTRICAL AND ELECTRONICS DRAFTERS",18,0.0,53800,12114.412078818854
"COMMUNITY HEALTH WORKERS",18,0.0,30904,6929.842446777577
"COMPUTER SOFTWARE ENGINEERS, APPLICATIONS",17,0.0,73730,22291.14988053644
"ORTHOTISTS AND PROSTHETISTS",17,0.0,55773,9200.796211596888
"CONSERVATION SCIENTISTS",17,0.0,52204,15666.341801854634
"ARTISTS AND RELATED WORKERS, ALL OTHER",17,0.0,41072,15247.340437647303
"COMMERCIAL PILOTS",17,0.0,64113,27965.04747592483
"MECHANICAL ENGINEERS, NON-R&D",16,0.0,63363,15017.333896513555
"AUDIO-VISUAL AND MULTIMEDIA COLLECTIONS",16,0.0,35793,7399.7077218845625
"COMPUTER SYSTEMS ANALYSTS, NON R&AMP;D",16,0.0,65804,12482.638360282404
PHOTOGRAPHERS,16,0.0,40659,17459.24265653939
"OPERATIONS RESEARCH ANALYST",16,0.0,64818,16817.403930145796
"APPRAISERS AND ASSESSORS OF REAL ESTATE",16,0.0,48563,21008.657318174814
"FORESTRY AND CONSERVATION SCIENCE TEACHERS,",15,0.0,55852,7907.5167935325935
"TEACHER ASSISTANTS",15,0.0,25551,4682.295240741997
"COMPUTER SYSTEM ANALYST",15,0.0,53990,3639.1516019839305
"MIDDLE SCHOOL TEACHERS, EXCEPT SPECIAL AND CAREER/",15,0.0,39392,13579.203847386963
"CLINICAL DATA MANAGER",15,0.0,76715,15357.810971909013
"GRADUATE TEACHING ASSISTANTS",15,0.0,33287,7150.575022110898
"HEALTHCARE SUPPORT WORKERS, ALL OTHER",15,0.0,34238,7480.603280248971
"RETAIL SALESPERSONS",15,0.0,36745,14934.827263445399
"SUPERVISORS OF CONSTRUCTION AND EXTRACTION WORKERS",15,0.0,66503,19651.00754757713
"ANIMAL BREEDERS",15,0.0,28920,5333.707851016964
"SOFTWARE DEVELOPERS, APPLICATIONS, R&AMP;D",14,0.0,70737,13868.942763879124
HOSPITALISTS,14,0.0,146172,45503.37389559869
"AUTOMOTIVE ENGINEERS",14,0.0,69620,10277.320777843282
"FIRST-LINE SUPERVISORS OF PRODUCTION AND OPERATING",14,0.0,42769,10177.07096469322
"DETECTIVES AND CRIMINAL INVESTIGATORS",14,0.0,56152,11320.79656879015
"EMERGENCY MANAGEMENT DIRECTORS",14,0.0,68221,21530.369810717388
"LABOR RELATIONS SPECIALISTS",14,0.0,63201,13096.34817330305
"SECONDARY SCHOOL TEACHERS",14,0.0,53982,4986.298533747917
"LIBRARY SCIENCE TEACHERS, POSTSECONDARY",14,0.0,49797,9835.683091816909
"ANTHROPOLOGISTS AND ARCHEOLOGISTS",14,0.0,46237,10574.348149205805
"DRAFTERS, ALL OTHER",13,0.0,43472,6363.769303109822
"SECRETARIES AND ADMINISTRATIVE ASSISTANTS, EXCEPT",13,0.0,32970,7846.555270811142
"RELIGIOUS WORKERS, ALL OTHER",13,0.0,24304,7371.326862577558
PROSTHODONTISTS,13,0.0,80698,26750.671714311895
"FINE ARTISTS, INCLUDING PAINTERS, SCULPTORS, AND",13,0.0,40696,14717.129737081135
"MEDICAL RECORDS AND HEALTH INFORMATION TECHNICIANS",12,0.0,45855,7961.120050650961
"SOUND ENGINEERING TECHNICIANS",12,0.0,40383,17183.82177497731
"SOFTWARE DEVELOPER APPLICATIONS",12,0.0,79020,23181.944231990783
"SOFTWARE DEVELOPERS, APPLICATION",12,0.0,84056,17912.400992205246
"QUALITY CONTROL SYSTEMS MANAGERS",12,0.0,167517,256577.5727367846
HISTORIANS,12,0.0,41070,9761.65562539303
"ORAL AND MAXILLOFACIAL SURGEONS",12,0.0,103922,49062.67774631638
"CHILDCARE WORKERS",11,0.0,21272,2932.3700020971805
"TELECOMMUNICATIONS EQUIPMENT INSTALLERS AND",11,0.0,52433,7561.831680281534
"ELECTRONICS ENGINEERS, EXCEPT COMPUTER,",11,0.0,78049,14839.194583966693
"COMPUTER SYSTEMS ENGINEERS / ARCHITECTS",11,0.0,63814,17154.810236430305
"DOCUMENT MANAGEMENT SPECIALISTS",11,0.0,56152,3091.434188017428
"FINANCIAL QUANTITATIVE ANALYSTS",11,0.0,65968,22384.72686284615
"CIVIL ENGINEERS, R&AMP;D",11,0.0,46734,6187.169918735526
"TEACHERS AND INSTRUCTORS, ALL OTHER*",11,0.0,29340,8656.840410407882
"HEALTHCARE PRACTITIONERS AND TECHNICAL WORKERS, AL",11,0.0,52079,13511.778471802829
"FIRST-LINE SUPERVISORS OF OFFICE AND",11,0.0,43343,6870.751498617484
"FIRST-LINE SUPERVISORS OF RETAIL SALES WORKERS",10,0.0,47730,16542.123901932453
"CONSTRUCTION AND RELATED WORKERS, ALL OTHER",10,0.0,36272,8941.72657044506
"AIRCRAFT MECHANICS AND SERVICE TECHNICIANS",10,0.0,46010,14109.778848448741
"MARKETING MANAGER",10,0.0,131950,38411.323180671614
"BROADCAST NEWS ANALYSTS",10,0.0,49569,24165.051213016686
"AUDIO AND VIDEO EQUIPMENT TECHNICIANS",10,0.0,47253,15648.855873596647
"CAREER/TECHNICAL EDUCATION TEACHERS, SECONDARY",9,0.0,53454,12612.521752186176
"CIVIL ENGINEERS, NON-R&D",9,0.0,53826,16275.37555971083
"FINANCIAL CLERKS, ALL OTHER",9,0.0,34567,1880.3614643830367
"SOFTWARE DEVELOPERS, SYSTEMS SOFTWARE, R&AMP;D",9,0.0,64318,8571.456759947769
"ELECTRONICS ENGINEERS, EXCEPT COMPUTER, R&AMP;D",9,0.0,56927,6487.106498342191
"CLAIMS ADJUSTERS, EXAMINERS, AND INVESTIGATORS",9,0.0,52315,13943.80983130705
"REGULATORY AFFAIRS SPECIALISTS",9,0.0,75982,21713.966937120407
"HAIRDRESSERS, HAIRSTYLISTS, AND COSMETOLOGISTS",9,0.0,20862,7516.002419775697
"OFFICE CLERKS, GENERAL",9,0.0,30750,4403.813050027351
"BILLING AND POSTING CLERKS",9,0.0,32180,6108.347817764129
"VETERINARY ASSISTANTS AND LABORATORY ANIMAL",9,0.0,25750,4095.3312291612274
"SEPARATING, FILTERING, CLARIFYING, PRECIPITATING,",9,0.0,39271,3676.9888760903314
"THERAPISTS, ALL OTHER",9,0.0,41677,9646.1422557651
"DATABASE ADMINISTRATOR",9,0.0,68453,28836.902778624135
"LOGISTICS ANALYSTS",9,0.0,53613,14527.868640266115
"INFORMATION AND RECORD CLERKS, ALL OTHER",9,0.0,29434,4619.563392248243
"THERAPISTS, ALL OTHER*",8,0.0,42526,6991.134802522505
"FINANCIAL ANALYST",8,0.0,70034,20715.18329631674
"HUMAN RESOURCES, TRAINING, AND LABOR RELATIONS",8,0.0,44598,6807.408779935924
"CARGO AND FREIGHT AGENTS",8,0.0,32778,2889.1565134784564
"SALES REPRESENTATIVES OF SERVICES, EXCEPT",8,0.0,69272,20971.981734194196
"FIRST-LINE SUPERVISORS OF NON-RETAIL SALES WORKERS",8,0.0,52692,24668.748871394095
"RECREATION AND FITNESS STUDIES TEACHERS, POSTSECON",8,0.0,39254,12397.596443437576
"SURVEYING AND MAPPING TECHNICIANS",8,0.0,35750,1853.9280668431563
"DENTAL ASSISTANTS",8,0.0,30614,6246.290228157439
"CAREER/TECHNICAL  EDUCATION TEACHERS, MIDDLE",8,0.0,42636,8945.556486847256
"COMPUTER PROGRAMMERS R & D",8,0.0,56072,12768.583975915262
"SOFTWARE DEVELOPER, SYSTEMS SOFTWARE",8,0.0,83938,17982.72998427936
"REAL ESTATE BROKERS",8,0.0,63440,27727.014615431915
"ENTERTAINERS AND PERFORMERS, SPORTS AND RELATED",8,0.0,36928,24264.94049654198
"PLUMBERS, PIPEFITTERS, AND STEAMFITTERS",7,0.0,37190,317.59606420801657
"INSTALLATION, MAINTENANCE, AND REPAIR WORKERS, ALL",7,0.0,38049,11631.511309232832
"INSTRUCTIONAL DESIGNERS AND TECHNOLOGISTS",7,0.0,59181,8178.994130062195
BAKERS,7,0.0,26467,2740.5121518316237
"SALES REPRESENTATIVES, WHOLESALE AND MANUFACTURING",7,0.0,53337,30453.91009578982
"FORENSIC SCIENCE TECHNICIANS",7,0.0,58432,30945.845789007835
"PARALEGALS AND LEGAL ASSISTANTS*",7,0.0,61054,13893.22866341289
"CLINICAL RESEARCH COORDINATORS",7,0.0,63513,25759.369899171586
"REGULATORY AFFAIRS MANAGERS",7,0.0,98935,33627.72292047629
"ELECTRICAL ENGINEERS, R&AMP;D",7,0.0,54525,11518.683305918295
"PROCUREMENT CLERKS",7,0.0,45252,7948.047037749948
"MECHANICAL ENGINEERS, NON R&AMP;D",7,0.0,51064,4102.285510317787
"CAMERA OPERATORS, TELEVISION, VIDEO, AND MOTION",7,0.0,43404,12465.295139613814
NULL,7,0.0,74898,19646.722967422887
"ENGLISH LANGUAGE AND LITERATURE TEACHERS, POSTSECO",7,0.0,43894,12037.018920388717
"AUTOMOTIVE SERVICE TECHNICIANS AND MECHANICS",6,0.0,32015,8532.291187158688
"SYSTEMS ANALYST",6,0.0,71250,13671.334338071516
"INTELLIGENCE ANALYST",6,0.0,54194,9479.512746795937
FORESTERS,6,0.0,48416,11695.48308464996
"PHYSICIANS AND SURGEONS",6,0.0,186659,27906.128359197377
"ELECTRONICS ENGINEER, EXCEPT COMPUTER",6,0.0,70892,4511.402901414246
"MIDDLE SCHOOL TEACHERS, EXCEPT SPECIAL AND VOCATIO",6,0.0,36264,1196.4246737676388
"TRANSPORTATION WORKERS, ALL OTHER",6,0.0,29538,8591.630534954742
AUDITORS,6,0.0,61900,24221.525736336414
"TREASURERS AND CONTROLLERS",6,0.0,102204,28837.099319087018
"DISPATCHERS, EXCEPT POLICE, FIRE, AND AMBULANCE",6,0.0,25456,2893.8924430984334
"CAPTAINS, MATES, AND PILOTS OF WATER VESSELS",6,0.0,78892,27628.17893423709
"SOFTWARE DEVELOPERS; APPLICATIONS",6,0.0,81116,5182.425936116535
"PERSONAL CARE AND SERVICE WORKERS, ALL OTHER",6,0.0,22080,6106.464364296411
"SECURITIES, COMMODITIES, AND FINANCIAL SERVICES SA",6,0.0,117038,42518.73277124122
"MECHATRONICS ENGINEERS",6,0.0,63048,9863.83104100813
"COMPUTER HARDWARE ENGINEERS, NON-R&D",6,0.0,81543,22382.432925548255
"PROOFREADERS AND COPY MARKERS",5,0.0,38905,7450.56759530946
"FAMILY AND GENERAL PRACTIONERS",5,0.0,76220,39661.2
"RADIATION THERAPISTS",5,0.0,83046,14217.688377510602
"FREIGHT AND CARGO INSPECTORS",5,0.0,25210,0
NEUROLOGISTS,5,0.0,135918,78835.34927023537
"LEGAL SECRETARIES",5,0.0,39150,10864.085189750223
"TOUR GUIDES AND ESCORTS",5,0.0,26274,2653.284963587625
"COMMERCIAL AND INDUSTRIAL ENGINEERS",5,0.0,56064,17913.49056549281
"JEWELERS AND PRECIOUS STONE AND METAL WORKERS",5,0.0,41197,10511.80422243371
"ARCHITECTURAL DRAFTERS",5,0.0,48531,6951.073344455516
"COMPUTER PROGRAMMERS, NON R&AMP;D",5,0.0,56181,5505.748465013636
"DATABASE ADMINISTRATION",5,0.0,52375,2163.2000000000003
"BROKERAGE CLERKS",5,0.0,49945,2379.6000000000004
"LOGISTICS ENGINEERS",5,0.0,62930,8633.855464848852
"ENVIRONMENTAL SCIENTISTS AND SPECIALISTS, INCLUDIN",5,0.0,57092,16841.73164493485
"BIOLOGICAL SCIENTISTS, ALL OTHERS",5,0.0,67604,12971.040625000001
"MEETING, CONVENTION, AND EVENT PLANNERS*",5,0.0,46342,16413.166880282428
"DESKTOP PUBLISHERS",5,0.0,35298,1751.2051164840732
"ELECTRO-MECHANICAL TECHNICIANS",5,0.0,48789,11163.414919146611
"TRAVEL AGENTS",5,0.0,26017,4570.955962853972
"HUMAN RESOURCES SPECIALIST",5,0.0,62234,11051.869680737282
PRODUCERS,5,0.0,66071,14369.434765248912
"REGULATORY AFFAIRS SPECIALIST",4,0.0,67714,7167.8517527917675
"SOLUTIONS ARCHITECT",4,0.0,116678,8975.586260518096
DANCERS,4,0.0,24003,1809.6005859375
"FIRST-LINE SUPERVISORS OF LANDSCAPING, LAWN",4,0.0,33197,867.8597236881089
GENETICISTS,4,0.0,37726,5605.265621493776
INTERNIST,4,0.0,149822,22141.355325726563
"INVESTMENT FUND MANAGERS",4,0.0,120292,24864.501538337747
"MEDICAL ASSISTANTS",4,0.0,27994,5406.1094374790455
"BIOLOGICAL SCIENTISTS",4,0.0,75837,19434.137734924083
"INSURANCE CLAIMS AND POLICY PROCESSING CLERKS",4,0.0,26109,63.04648024992046
"ARBITRATORS, MEDIATORS, AND CONCILIATORS",4,0.0,37279,1918.6217743087655
"REAL ESTATE SALES AGENTS",4,0.0,49681,30374.64059484903
"COMPUTER SYSTEMS ENGINEERS/ ARCHITECTS",4,0.0,70153,23049.157700174208
"MATERIALS ENGINEER",4,0.0,88406,17181.082234539244
"TAILORS, DRESSMAKERS, AND CUSTOM SEWERS",4,0.0,22300,5786.314212965963
"MARKET RESEARCH ANALYSTS",4,0.0,63289,4460.8752897895665
"ELECTRICAL ENGINEER",4,0.0,77449,7961.957183224486
"SOFTWARE DEVELOPER",4,0.0,95332,9104.330686546924
"DIAGNOSTIC MEDICAL SONOGRAPHERS",4,0.0,66300,2111.201171874998
"SUPPLY CHAIN MANAGERS",4,0.0,67731,12638.844436399238
"PAYROLL AND TIMEKEEPING CLERKS",4,0.0,40227,11315.213253571017
CHOREOGRAPHERS,4,0.0,55276,22693.736829370842
"COMPUTER OPERATORS",4,0.0,41295,16988.00544052436
"ELECTRONIC ENGINEERS, EXCEPT COMPUTER",4,0.0,74078,6555.763165909824
"CRAFT ARTISTS",4,0.0,24991,5813.400390625
"NUCLEAR TECHNICIANS",4,0.0,54454,5725.956535811288
"COMPUTER SYSTEM ENGINEERS/ARCHITECTS",4,0.0,86386,3844.3584884217025
"SECONDARY SCHOOL TEACHERS,EXCEPT SPECIAL AND CAREE",4,0.0,60152,22153.765577935414
"MEDIA AND COMMUNICATION EQUIPMENT WORKERS, ALL",4,0.0,83424,3589.1002702627297
"FARMWORKERS, FARM, RANCH, AND AQUACULTURAL ANIMALS",4,0.0,38345,10882.687061911687
"COMPUTER HARDWARE ENGINEERS, R&D",4,0.0,63908,20788.633569513415
"INFORMATION TECHNOLOGY PROJECT MANAGER",4,0.0,78520,17012.409544212132
"FIRST-LINE SUPERVISORS OF HOUSEKEEPING AND",4,0.0,47338,8091.361087604482
"ENGINEERING TECHNICIANS, EXCEPT DRAFTERS, ALL OTHE",4,0.0,46342,4760.6397466601675
"ORTHOTISTS AND PROTHETISTS",4,0.0,52707,8189.035760545927
"INDUSTRIAL ENGINEER",4,0.0,61240,2605.774596928905
"HEAVY AND TRACTOR-TRAILER TRUCK DRIVERS",4,0.0,43652,2779.1280689020955
"ANIMAL TRAINERS",4,0.0,25849,7969.9970592708
"RESPIRATORY THERAPISTS",4,0.0,49712,4095.3902744427182
"SOFTWARE DEVELOPERS,APPLICAITONS",4,0.0,87371,3107.168113813607
"CONSTRUCTION AND BUILDING INSPECTORS",4,0.0,50950,16062.646164191494
"VETERINARY TECHNOLOGISTS AND TECHNICIANS",4,0.0,32612,671.1696879329402
"BUSINESS INTELLIGENCE ANALYST",4,0.0,85124,38736.08047415226
"SKINCARE SPECIALISTS",3,0.0,25215,272.283067066509
"AGRICULTURAL WORKERS, ALL OTHER",3,0.0,28659,4783.183412284705
"SOFWARE DEVELOPERS, APPLICATIONS",3,0.0,83609,34177.15360685653
"PHYSICAL THERAPIST AIDES",3,0.0,28690,1639.7583535134395
"COMPUTER AND INFORMATION SYSTEMS MANAGER",3,0.0,125555,41341.23574189174
"INSPECTORS, TESTERS, SORTERS, SAMPLERS, AND",3,0.0,47383,2823.7130795382795
"COMPUTER OCCUPATIONS, OTHER OTHER",3,0.0,58760,0
"HOSTS AND HOSTESSES, RESTAURANT, LOUNGE, AND",3,0.0,44845,0.09391261937633834
"HEATING, AIR CONDITIONING, AND REFRIGERATION",3,0.0,52305,18632.41378855082
"SOFTWARE QUALITY ASSURANCE ENGINEERS & TESTERS",3,0.0,63045,9812.22480151956
"HEALTHCARE PRACTITIONERS AND TECHNICAL",3,0.0,49067,0
"RECEPTIONISTS AND INFORMATION CLERKS",3,0.0,22519,2245.39364514706
"MARKET RESEARCH ANALYST AND MARKETING SPECIALISTS",3,0.0,52853,22592.6310454439
"FARMWORKERS AND LABORERS, CROP, NURSERY, AND",3,0.0,21993,3540.2479511406477
"SOFTWARE DEVELOPERS,SYSTEMS SOFTWARE",3,0.0,96858,47025.90078055095
"SALES MANAGER",3,0.0,98904,18646.01505833232
"NETWORK AND COMPUTER SYSTEMS ADMINSTRATORS",3,0.0,94889,18621.12979625267
"HEALTH SPECIALTIES TEACHER, POSTSECONDARY",3,0.0,170118,5163.29371622417
"PRIVATE DETECTIVES AND INVESTIGATORS",3,0.0,47112,12451.486765309059
"FIRST-LINE SUPERVISORS OF CONSTRUCTION TRADES AND",3,0.0,80191,107.9516352611454
"COMPUTER SOFTWARE ENGINEERS, SYSTEMS SOFTWARE",3,0.0,93863,27685.499867058366
"COMPUTER SYSTEMS ENGINEER",3,0.0,68349,8471.61064313563
"COMPUTER NETWORKS ARCHITECTS",3,0.0,79622,0
"COMPUTER SYSTEMS ANALSYTS",3,0.0,65617,3951.3126932704276
"MARKET RESEARCH ANALYSTS & MARKETING SPECIALISTS",3,0.0,55702,9764.81743585386
CARPENTERS,3,0.0,31200,0
"INTERNIST, GENERAL",3,0.0,139498,25231.491650096494
"MEDICAL SCIENTISTS EXCEPT EPIDEMIOLOGISTS",3,0.0,40297,1480.3038727084238
"ELECTRONICS ENGINEERS, EXCEPT COMPUTER, NON",3,0.0,86264,24489.17451083687
"PURCHASING AGENTS, EXCEPT WHOLESALE, RETAIL, AND F",3,0.0,56791,16184.79959715288
"AREA, ETHNIC, AND CULTURAL STUDIES TEACHERS, POSTS",3,0.0,44990,8936.85627052377
"HEALTHCARE PRACTITIONERS AND TECHNICAL WORKER",3,0.0,40872,0
"MEDICAL EQUIPMENT PREPARERS",3,0.0,150000,0
"COMPUTER & INFORMATION SYSTEMS MANAGERS",3,0.0,133196,15581.790290806337
"COMPUTER SYSTEMS ANLAYSTS",3,0.0,73091,1882.3182515185895
"INSTRUCTIONAL COORDINATOR",3,0.0,57283,0
"AUTOMOTIVE BODY AND RELATED REPAIRERS",3,0.0,40435,18197.666760558448
"COMPUTER NETWORK ARCHITECTS, R&D",3,0.0,95853,50787.28958006018
"MECHANICAL ENGINEERS, NON R&D",3,0.0,57304,8815.290957572908
"INFORMATICS NURSE SPECIALISTS",3,0.0,60237,11211.744328555164
"WEB ADMINISTRATORS",3,0.0,70713,18210.105564402056
"SOFTWARE QULAITY ASSURANCE ENGINEERS AND TESTERS",3,0.0,57006,12070.537463869066
"PHYSICAL THERAPIST",3,0.0,60715,0
"LIBRARY TECHNICIANS",3,0.0,33134,1731.9747976780156
"HELPERS--INSTALLATION, MAINTENANCE, AND REPAIR",3,0.0,26000,0
"FOREST AND CONSERVATION TECHNICIANS",3,0.0,34369,5945.700346550684
"SEARCH MARKETING STRATEGISTS",3,0.0,73549,24032.673874447584
"MARKET RESEARCH ANALYST",3,0.0,41115,2490.524001270279
"SOFTWARE QUALITY ASSURANCE ENGINEER AND TESTERS",3,0.0,63066,14174.546820112295
"SPECIAL EDUCATION TEACHERS, KINDERGARTEN AND ELEME",3,0.0,40312,4358.134794713087
"SOFTWARE DEVELOPERS, APPLICATIONS, NON R &AMP; D",3,0.0,66900,10775.835940762192
"REFRACTORY MATERIALS REPAIRERS, EXCEPT BRICKMASONS",3,0.0,119995,0
"CRIMINAL JUSTICE AND LAW ENFORCEMENT TEACHERS",3,0.0,51263,0
"GEOSPATIAL INFORMATION SCIENTISTS AND TECHNOLOGIST",3,0.0,60299,17321.60213914021
"ROBOTICS ENGINEERS",2,0.0,83543,26697
"ELECTRONICS ENGINEERS, EXCEPT COMPUTERS",2,0.0,67319,5959
"ENVIRONMENTAL SCIENTISTS AND SPECIALISTS",2,0.0,61422,4950.5
"AGENTS AND BUSINESS MANAGERS OF ARTISTS, PERFORMER",2,0.0,37190,6593.5
"NETWORK COMPUTER SYSTEMS ADMINISTRATORS",2,0.0,74381,7467
"INTERVIEWERS, EXCEPT ELIGIBILITY AND LOAN",2,0.0,33966,665.5
"SECONDARY SCHOOL TEACHERS, EXCEPT SPECIAL AND CAR",2,0.0,56695,755.041015625
"FIRST-LINE SUPERVISORS OF FARMING, FISHING, AND",2,0.0,46222,4862.5
LAWYER,2,0.0,72405,4908.80078125
"SOFTWARE DEVELOPERS, APPLICATIONS.",2,0.0,66664,0
"SOFTWARE DEVELOPERS-APPLICATIONS",2,0.0,67184,0
"SECURITIES, COMMODITIES, AND FINANCIAL",2,0.0,50732,14206.5
"DIETETIC TECHNICIANS",2,0.0,34902,0
"RISK MANAGEMENT SPECIALISTS",2,0.0,72352,9682.5
"BIOCHEMISTS & BIOPHYSICISTS",2,0.0,37794,0
"DATABASE ADMINSTRATORS",2,0.0,85592,10941
"HUMAN FACTORS ENGINEERS AND ERGONOMISTS",2,0.0,72779,8091
"NETWORK & COMPUTER SYSTEMS ADMINISTRATORS",2,0.0,63856,15870
"COMPUTER SYSTEMS ENGINEERS, ARCHITECTS",2,0.0,60196,790.5
"METAL WORKERS AND PLASTIC WORKERS, ALL OTHER",2,0.0,42411,0
"ART, DRAMA AND MUSIC TEACHERS, POSTSECONDARY",2,0.0,42381,2838.099609375
"AIRFIELD OPERATIONS SPECIALISTS",2,0.0,33415,2693.400390625
"LIGHT TRUCK OR DELIVERY SERVICES DRIVERS",2,0.0,25324,4524
"CONSTRUCTION LABORERS",2,0.0,36109,0
"ELEVATOR INSTALLERS AND REPAIRERS",2,0.0,70720,8320
"ELECTRICAL ENGINEERS, NON R&D",2,0.0,61756,10337.5
"OCCUPATIONAL HEALTH AND SAFETY TECHNICIANS",2,0.0,46363,0
"HOME HEALTH AIDES",2,0.0,23754,0
"BILL AND ACCOUNT COLLECTORS",2,0.0,57637,26103.998046875
"COMPUTERS MANAGERS",2,0.0,154565,0
"RADIO AND TELEVISION ANNOUNCERS",2,0.0,21206,1092
"WEIGHERS, MEASURERS, CHECKERS, AND SAMPLERS,",2,0.0,28974,0
"COMPUTER OCCUPATIONS,  ALL OTHER",2,0.0,65582,0
"SECONDARY SCHOOL TEACHERS, EXCEPT SPECIAL",2,0.0,49432,490.1015625
"SOFTWARE QUALITY ASSURANACE ENGINEERS AND TESTERS",2,0.0,74006,0
"TRAFFIC TECHNICIANS",2,0.0,38251,2413
"FAMILY & GENERAL PRACTITIONERS",2,0.0,194189,0
"STRUCTURAL IRON AND STEEL WORKERS",2,0.0,35000,0
"SOFTWARE DEVELPERS, APPLICATIONS",2,0.0,90750,0
"FIRST-LINE SUPERVISORS OF MECHANICS, INSTALLERS,",2,0.0,52562,0
"INDUSTRIAL SAFETY AND HEALTH ENGINEERS",2,0.0,94619,28205
"ADULT BASIC AND SECONDARY EDUCATION AND LITERACY T",2,0.0,42120,1331.099609375
"MASSAGE THERAPISTS",2,0.0,39010,6645.599609375
"PUBLIC RELATIONS AND FUND RAISING MANAGERS",2,0.0,35173,0
MACHINISTS,2,0.0,29910,0
"PUBLIC RELATIONS SPECIALIST",2,0.0,52577,2377
"EDUCATIONAL, GUIDANCE, SCHOOL, AND VOCATIONAL COUN",2,0.0,36930,1091.80078125
"SECONDARY SCHOOL TEACHERS, EXCEPT SPECIAL EDUCATIO",2,0.0,43780,0
"SOFTWARE ENGINEER",2,0.0,107734,2028
ATTORNEY,2,0.0,80798,1674.3984375
"NURSE ANESTHETISTS",2,0.0,107408,6722
"GAMING MANAGERS",2,0.0,43118,0
"SOFTER DEVELOPERS, APPLICATIONS",2,0.0,73663,4732
"SOFTWARE DEVELOPERS, SYSTEMS SOFTWARE, NON R&AMP;D",2,0.0,66300,11326
"HEALTH TECHNOLOGISTS AND TECHNICIANS, ALL OTHER*",2,0.0,51626,0
"COMPUTER SYSTEMS ANALYSTS, R&AMP;D",2,0.0,45802,0
"SOCIAL SCIENCE TEACHERS, POSTSECONDARY, ALL OTHER",2,0.0,51790,0
"PRINTING PRESS OPERATORS",2,0.0,35963,624
"ELEMENTARY SCHOOL TEACHERS, EXEPT SPECIAL",2,0.0,37000,0
"RESERVATION AND TRANSPORTATION TICKET AGENTS AND",2,0.0,40000,0
"TECHNICAL WRITER",2,0.0,145568,51677.5
"COMPUTER SYTEMS ANALYSTS",2,0.0,78489,11700
RADIOLOGISTS,2,0.0,50794,0
"SECONDARY SCHOOL TEACHERS, EXCEPT SPECIAL AND CAREER/TECHNICAL EDUCATION",2,0.0,34237,936
"SPEECH AND LANGUAGE PATHOLOGISTS",2,0.0,57782,0
"SOFTWARE DEVELOPER/ APPLICATIONS",2,0.0,111925,0
"SOFTWARE DEVELOPERS, SYSTEM SOFTWARE",2,0.0,61194,0
"GENERAL AND OPERATIONS MANAGER",2,0.0,64230,0
"MATERIAL ENGINEERS",2,0.0,71885,0
"BIOLOGICAL TECHNICIAN",2,0.0,28142,1560
"POST-SECONDARY TEACHERS, ALL OTHER",2,0.0,44000,0
"LIFEGUARDS, SKI PATROL, AND OTHER RECREATIONAL",2,0.0,22797,0
"FINANCIAL MANAGERS, BRANCH OR DEPARTMENT",2,0.0,147805,0
"PRODUCTION WORKERS, ALL OTHER",2,0.0,51906,12220.19921875
"PHOTONICS ENGINEERS",2,0.0,87194,0
"ADULT BASIC SECOND EDUC AND LIT TEACH AND INSTRUC",2,0.0,29256,1466.5
"ENGINEERING TEACHERS",2,0.0,65855,665
"RADIOLOGIC TECHNOLOGISTS",2,0.0,41225,748.599609375
"DEVELOPER - MICROSOFT TECHNOLOGIES",2,0.0,98987,0
"COMPUTER SOFTWARE ENGINEERS, APPLICATIONS, R&D",2,0.0,66966,1716
"COMPUTER SYSTEMS ENGINEER/ARCHITECTS",2,0.0,75878,0
"QUALITY CONTROL SYSTEMS MANAGER",2,0.0,122283,0
"EDUCATIONAL, GUIDANCE, SCHOOL AND VOCATIONAL COUNS",2,0.0,31959,655
"CIVIL ENGINEER",2,0.0,56909,0
"COMPUTER DEVELOPERS, APPLICATIONS",2,0.0,79550,8309.5
"MEDICAL SCIENTISTS",2,0.0,103314,23004.69921875
"COMPUTER NETWORK ARCHITECTS, NON R&D",2,0.0,79446,30628.5
"POLICE AND SHERIFF'S PATROL OFFICERS",2,0.0,55452,0
"MINING AND GEOLOGICAL ENGINEERS",2,0.0,69638,0
"QUALITY CONTROL ANALYSTS",2,0.0,46769,5252
"COMPUTERS SYSTEMS ANALYSTS",2,0.0,73715,0
"LOGISTICS MANAGER",1,0.0,64373,0
"SECONDARY SCHOOL TEACHERS, EXCEPT  SPECIAL AND CAR",1,0.0,41540,0
"COMPUTER OCCUPTATIONS, ALL OTHER",1,0.0,64418,0
"SHIP ENGINEERS",1,0.0,108930,0
"MARKETING RESEARCH ANALYSTS & MARKETING SPECIALIST",1,0.0,46134,0
"SYSTEMS ASSOCIATE",1,0.0,48422,0
"FARMERS, RANCHERS AND OTHER AGRICULTURAL MANAGERS",1,0.0,42931,0
EPIDEMIOLOGIST,1,0.0,51043,0
ACCOUNTANT,1,0.0,55370,0
"SOFTWARE DEVELOPERS, APPILCATIONS",1,0.0,142376,0
"FITNESS AND WELLNESS COORDINATORS",1,0.0,56930,0
"SECURITIES, AND COMMODITIES TRADERS",1,0.0,112029,0
"MANUFACTURING ENGINEERING TECHNOLOGISTS",1,0.0,32594,0
"CARDIOVASCULAR TECHNOLOGISTS AND TECHNICIANS",1,0.0,26728,0
"TAX EXAMINERS AND COLLECTORS, AND REVENUE AGENTS",1,0.0,49962,0
"SOFTWARE DEVELOPERS",1,0.0,80434,0
"SECURITIES,COMMODITIES,FINANCIALSRVICESSALESAGENTS",1,0.0,159141,0
"ELECTRICAL ENGINEERS, NON-R&AMP;D",1,0.0,83158,0
"GENERAL AND OPERATIONS MANAGERSE",1,0.0,68702,0
"ENGLISH LANGUAGE & LIT TEACHERS, POSTSECONDARY",1,0.0,39270,0
"WATCH REPAIRERS",1,0.0,56742,0
"COMPUTER SYSTEMS ENGINEERS OR ARCHITECTS",1,0.0,68432,0
"INTERIOR DESIGNER",1,0.0,80808,0
"FOOD PROCESSING WORKERS, ALL OTHER",1,0.0,31200,0
"VIDEO GAME DESIGNERS",1,0.0,42702,0
"COMPUTER & INFORMATION RESEARCH SCIENTISTS",1,0.0,78125,0
"VETERINARY ASSISTANTS AND LABORATORY ANIMAL CARETA",1,0.0,29162,0
"OPERATIONS RESEARCH CONSULTANTS",1,0.0,61090,0
"PETROLEUM ENGINEER",1,0.0,118394,0
"FIRST-LINE SUPERVISORS OF TRANSPORTATION AND",1,0.0,51709,0
"EXECUTIVE SECRETARIES AND ADMINISTRATIVE",1,0.0,43243,0
"BIOLOGISTS (19-1020.01)",1,0.0,40997,0
"COMPUTER SYSTEMS, ANALYSTS",1,0.0,94411,0
"HUMAN RESOURCES MANAGER",1,0.0,105000,0
"SOFTWARE QUALITY ASSURANCE EGNINEERS AND TESTERS",1,0.0,97698,0
"CHEMICAL ENGINEERING",1,0.0,66102,0
"MARKET RESEARCH ANALYSTS AND MARKETING SPECIALIST",1,0.0,71635,0
DENTIST,1,0.0,182874,0
"MEDICAL SCIENTISTS, EXCEPT EPIDEMIOLOGITS",1,0.0,76149,0
STONEMASONS,1,0.0,24960,0
"ENGINEERING TECHNICIANS,EXCEPT DRAFTERS, ALL OTHER",1,0.0,72550,0
ACUPUNCTURISTS,1,0.0,61464,0
"HELPERS--PAINTERS, PAPERHANGERS, PLASTERERS, AND",1,0.0,25917,0
"ENGINEERING TEACHERS - POSTSECONDARY",1,0.0,65190,0
"ELECTONICS ENGINEERS, EXCEPT COMPUTER",1,0.0,73278,0
"SOFTWARE DEVELOPERS, APPLCIATIONS",1,0.0,102253,0
"SECURITIES, COMMODITIES, AND FINANCIAL SERVICES S",1,0.0,112861,0
"ATMOSPHERIC, EARTH, MARINE, & SPACE SCIENCES TEACH",1,0.0,66290,0
"COMMUNICATIONS STUDIES TEACHERS, POSTSECONDARY",1,0.0,78537,0
"SALES REPRESENTATIVES, WHOLESALE AND MANUFACT",1,0.0,101379,0
"SOCIAL SCIENTISTS AND RELATED WORKERS, ALL OTHERS",1,0.0,38355,0
"FOREIGN LANGUAGE & LITERATURE TEACHERS, POSTSECOND",1,0.0,53970,0
"SALES AND RELATED WORKERS, ALL OTHER*",1,0.0,27394,0
ACTORS,1,0.0,52000,0
"GEOGRAPHIC INFORMATION SYSTEMS TECHNICIANS",1,0.0,69867,0
"MECHANICAL ENIGNEERS",1,0.0,114587,0
"GEOPHYSICAL DATA TECHNICIANS",1,0.0,78166,0
"COMPUTER OCCUPATIONS, ALL OTHERS",1,0.0,93891,0
LOGISTICIAN,1,0.0,40373,0
"CRIMINAL JUSTICE AND LAW ENFORCEMENT TEACHERS, POSTSECONDARY",1,0.0,37610,0
"COMPUTER INFORMATION SYSTEMS MANAGERS",1,0.0,122949,0
"MEDICAL APPLIANCE TECHNICIANS",1,0.0,28184,0
"SYSTEMS ANALYSTS",1,0.0,45864,0
"COOKS, FAST FOOD",1,0.0,16890,0
"CAREER/TECHNICAL EDUCATION TEACHERS, MIDDLE SCHOOL",1,0.0,63250,0
"SYSTEMS ENGINEERS/ARCHITECTS",1,0.0,75816,0
BARBERS,1,0.0,18346,0
"ELECTRICAL DRAFTERS",1,0.0,66581,0
"SECONDARY SCHOOL TEACHERS, EXCEPT SPECIAL CAREER/T",1,0.0,46593,0
17-2051,1,0.0,85571,0
"SUSTAINABILITY SPECIALISTS",1,0.0,59488,0
"COMPUTER HARDWARE ENGINEERS, R&AMP;D",1,0.0,44845,0
"SECURITIES, COMMODITIES, FIN. SERV. SALES AGENTS",1,0.0,104500,0
"ELECTROMECHANICAL ENGINEERING TECHNOLOGISTS",1,0.0,61580,0
"LODGING MANAGER",1,0.0,84926,0
"MATHEMATICAL TEACHERS, POSTSECONDARY",1,0.0,42103,0
"MEDICAL AND CLINCIAL LABORATORY TECHNOLOGISTS",1,0.0,42806,0
"ELECTRONICS ENGINEERS, EXPERT COMPUTER",1,0.0,40747,0
"LOAN COUNSELORS",1,0.0,37378,0
"SOFTWARE DEVELOPERS,  APPLICATIONS",1,0.0,133806,0
"SALES AGENTS, FINANCIAL SERVICES",1,0.0,36525,0
"BIOLOGICAL SCIENCE TEACHERS",1,0.0,41310,0
"SOFTWARE DEVELOPERS, APPLICATIONS, NONR&AMP;D",1,0.0,57283,0
"OPHTHALMIC MEDICAL TECHNICIANS",1,0.0,44782,0
"CHEMISTRY TEACHERS, POSTECONDARY",1,0.0,46560,0
"ENGLISH LANGUAGE & LITERATURE TEACHERS",1,0.0,59170,0
"MEDICAL EQUIPMENT REPAIRERS",1,0.0,51834,0
"COMPUTER NETWORK ARCHITECTS, NON R&AMP;D",1,0.0,90480,0
"FOREIGN LANGUAGE LITERATURE TEACHERS, POSTSECOND",1,0.0,29760,0
"DATA WAREHOUSING SPECIALIST",1,0.0,46322,0
"PERSONNEL RECRUITERS",1,0.0,79602,0
"ATHLETES AND SPORTS COMPETITORS",1,0.0,3900,0
"PHARMACY AIDES",1,0.0,29432,0
"AUTOMOTIVE ENGINEER",1,0.0,66560,0
"SOCIAL SCIENCE RESEARCH ASSISTANT",1,0.0,49899,0
"FILE CLERKS",1,0.0,34320,0
"CRIMINAL JUSTICE AND LAW ENFORCEMENT TEACHERS, POS",1,0.0,33560,0
"FINANCE MANAGERS",1,0.0,88171,0
"ELEMENTARY SCHOOL TEACHERS, EXCEPT SPECIAL EDUCATION",1,0.0,40290,0
"COMPUTER OCCUPATIONS: ALL OTHER",1,0.0,118082,0
"HELPERS--PRODUCTION WORKERS",1,0.0,28246,0
"POETS, LYRICISTS AND CREATIVE WRITERS",1,0.0,49858,0
"SENIOR SOFTWARE ENGINEER",1,0.0,51979,0
"COUNTER ATTENDANTS, CAFETERIA, FOOD CONCESSION,",1,0.0,83200,0
"VALIDATION ENGINEER",1,0.0,55598,0
"LOGISTICS MANAGERS (11-3071.03)",1,0.0,60715,0
"WIND ENERGY ENGINEERS",1,0.0,110240,0
"CHMEICAL ENGINEERS",1,0.0,152443,0
"BIOINFORMATICS SCIENTIST",1,0.0,81536,0
"COMPUTE PROGRAMMERS",1,0.0,47902,0
"MEDICAL SCIENTIST, EXCEPT EPIDEMIOLOGISTS",1,0.0,40997,0
"HEALTH DIAGNOSING AND TREATING PRACTITIONERS, ALL OTHER",1,0.0,38646,0
"FINANCIAL ADVISOR/ACCOUNTANT",1,0.0,51376,0
"SECURITIES, COMMODITIES, AND FINANCIAL SER",1,0.0,64938,0
"NANOTECHNOLOGY ENGINEERING TECHNOLOGISTS",1,0.0,41912,0
"NATURAL SCIENCE MANAGERS",1,0.0,49587,0
"ENGINEERING TEACHERS POSTSECONDARY",1,0.0,30300,0
PSYCHIATRIST,1,0.0,163654,0
"SECURITIES, COMMODITIES, AND FINANCIAL SERVICE SAL",1,0.0,95826,0
BIOLOGISTS,1,0.0,47466,0
"WEB DEVELOPER",1,0.0,53747,0
"BUS AND TRUCK MECHANICS AND DIESEL ENGINE",1,0.0,50128,0
"NETWORK AND COMPUTER SYSTEMS",1,0.0,63294,0
TELEMARKETERS,1,0.0,27685,0
"MAINTENANCE AND REPAIR WORKERS, GENERAL",1,0.0,29370,0
"NETWORK SYSTEMS AND DATA COMMUNICATIONS ANALYSTS",1,0.0,54101,0
"COMPUTER & INFORMATION RESEARCH SCIENTIST",1,0.0,88629,0
"MECHANICAL ENGINEERS, NON-R&AMP;D",1,0.0,56285,0
"SOFTWARE QUALITY ASSURANCE ENGINEERS, TESTERS",1,0.0,72987,0
"LOAN INTERVIEWERS AND CLERKS",1,0.0,40373,0
"OPERATION RESEARCH ANALYSTS",1,0.0,76627,0
"MANGEMENT ANALYSTS",1,0.0,68557,0
"FIRST-LINE SUPERVISORS OF FOOD PREPARATION AND SER",1,0.0,39998,0
"COMPUTER OCCUPATION, ALL OTHER",1,0.0,75150,0
"TRAINING AND DEVELOPMENT SPECIALIST",1,0.0,46280,0
"MARKET RESEARCH",1,0.0,55536,0
"PROJECT MANAGER",1,0.0,111176,0
"FOOD PREPARATION AND SERVING RELATED WORKERS, ALL",1,0.0,19552,0
"MAIDS AND HOUSEKEEPING CLEANERS",1,0.0,17805,0
"SOFTWARE QUALITY ASSURANCE ENGIENERS AND TESTERS",1,0.0,63856,0
"HARDWARD ENGINEERS",1,0.0,52811,0
"MEDICAL SCIENTISTS, EXCEPT EPIDEMIOLOGIST",1,0.0,41870,0
"SOFTARE DEVELOPERS, APPLICATIONS",1,0.0,59010,0
"ENGINEERING TECHNICIANS, EXCEPT DRAFTERS,ALL OTHER",1,0.0,65000,0
"MEDICAL AND CLINICAL LABORATORY TECHNOLOGIST",1,0.0,41018,0
CHEMIST,1,0.0,53518,0
"SECURITIES,COMMODITIES,FINANCIAL SVS SALES AGENT",1,0.0,64938,0
"HELPERS, CONSTRUCTION TRADES, ALL OTHER",1,0.0,86528000,0
"PROPERTY,REAL ESTATE,COMMUNITY ASSOCIATION MANAGER",1,0.0,50294,0
"ELECTRONICS ENGINEER EXCEPT COMPUTERS",1,0.0,73278,0
"PHYSICIANS &AMP; SURGEONS, ALL OTHER",1,0.0,49294,0
"SOFTWARE DEVELOPERS, SYTEMS SOFTWARE",1,0.0,95056,0
"SECURITIES AND COMMODITIES TRADERS",1,0.0,64459,0
"ELECTRICAL AND ELECTRONICS REPAIRERS, COMMERCIAL",1,0.0,45365,0
"BIOCHEMISTS OR BIOPHYSICISTS",1,0.0,40810,0
"VICE PRESIDENT OF INVESTOR RELATIONS",1,0.0,104416,0
"ATMOSPHERIC, EARTH, MARINE, AND SPACE SCIENCES TEA",1,0.0,35970,0
MILLWRIGHTS,1,0.0,41475,0
"SOFTWARE QAULITY ASSURANCE ENGINEERS AND TESTERS",1,0.0,76960,0
"FLORAL DESIGNERS",1,0.0,36816,0
"TRANSPORTATION PLANNERS",1,0.0,38709,0
"FOREIGN LANGUAGE & LIT TEACHERS, POSTSECONDARY",1,0.0,40550,0
"NETWORK AND SYSTEMS ADMINISTRATORS",1,0.0,76773,0
"BIOINFORMATICS TECHNICIANS",1,0.0,41912,0
"COMPUTER SYSTEMS ENGINEERS/ARCHITECTS (ENGINEERS)",1,0.0,65770,0
"COMPUTER NETWORK SUPPORT SPECIALISTS 15-1152",1,0.0,38646,0
"MUSICIANS, INSTRUMENTAL",1,0.0,60029,0
"LIFE, PHYSICAL, AND SOCIAL SCIENCE TECHNICIANS, AL",1,0.0,76686,0
"PACKAGING AND FILLING MACHINE OPERATORS AND",1,0.0,123531,0
"MEETING, CONVENTION AND EVENT PLANNERS",1,0.0,61942,0
"ENGINEERS, ALL OTHERS",1,0.0,83470,0
"PURCHASING MANAGER",1,0.0,106330,0
"COMPUTER OCCUPATIONS/ALL OTHER",1,0.0,71781,0
"FLIGHT ATTENDANTS",1,0.0,123510,0
"COMPUTER OCCUPATIONS,ALL OTHER",1,0.0,66518,0
"BIOLOGICAL SCIENTIST, ALL OTHERS",1,0.0,41662,0
"MARKET RESEARCH ANALYSTS AND MARKESTING SPECIALISTS",1,0.0,54122,0
"COMPUTER PROGRAMMERS / ANALYST",1,0.0,56451,0
"FARMERS, RANCHERS, AND OTHER AGRICULTURAL MANGERS",1,0.0,37981,0
"TRANSPORTATION ENGINEERS",1,0.0,60861,0
"BUSINESS OPERATIONS SPECIALIST, ALL OTHERS",1,0.0,44200,0
"LIFE SCIENTISTS",1,0.0,46051,0
"FAMILY AND GENERAL PRACTICIONERS",1,0.0,132371,0
"OPERATING ENGINEERS AND OTHER CONSTRUCTION",1,0.0,45000,0
"INDUSTRIAL ENGINEERING TECHNOLOGISTS",1,0.0,61580,0
"COMPUTER PROGRAMMERS, R&AMP;D",1,0.0,75982,0
"ELECTRONICS ENGINEERS, EXCEPT COMPUER",1,0.0,61880,0
"SECURITIES COMMODITIES FIN SERVICES SALES AGENTS",1,0.0,112029,0
"SEPTIC TANK SERVICERS AND SEWER PIPE CLEANERS",1,0.0,21882,0
"BIOLOGICAL TEACHERS, POSTSECONDARY",1,0.0,40990,0
"SOFTWARE DEVELOPERS, APPLICATIONS,  NON R&D",1,0.0,64355,0
"LICENSED PRACTICAL AND LICENSED VOCATIONAL NURSES",1,0.0,36566,0
"AGENTS AND BUSINESS MANAGERS OF ARTISTS",1,0.0,30035,0
"SOFTWARE DEVELOPERS, SYSTEMS SOFTWARE, R&D (ACWIA",1,0.0,69243,0
"ENGLISH LANGUAGE &  LIT TEACHERS, POST SECONDARY",1,0.0,39280,0
"MUSICAL INSTRUMENT REPAIRERS AND TUNERS",1,0.0,43763,0
"COMPUTER SYSTEMS ENGINEERS/ARQUITECTS",1,0.0,80995,0
"SALES MANGERS",1,0.0,160368,0
"FOOD AND TOBACCO ROASTING, BAKING, AND DRYING",1,0.0,31200,0
"HEALTH SPECIALITY TEACHERS, POSTSECONDARY",1,0.0,134290,0
"COMPUTER AND INFORMATION SCIENTISTS, RESEARCH",1,0.0,50773,0
"COMPUTER AND INFORMATON SYSTEMS MANAGERS",1,0.0,118414,0
"SOCIAL SCIENCE RESEARCH ASSISSTANTS",1,0.0,54142,0
"HOTEL, MOTEL, AND RESORT DESK CLERKS",1,0.0,28642,0
"MANAGMENT ANALYSTS",1,0.0,67746,0
"COMPENSATION, BENEFITS, AND JOB ANALYSIS SPEC",1,0.0,46904,0
"COMPUTER SYSTEMS ANLYSTS",1,0.0,49774,0
DISHWASHERS,1,0.0,16994,0
"TRANSPORTATION MANAGERS",1,0.0,129917,0
"MEDICAL SECRETARIES",1,0.0,38667,0
"SOLAR ENERGY SYSTEMS ENGINEERS",1,0.0,74131,0
"CHEMICAL ENGINEER",1,0.0,79498,0
"MARKET RESEACH ANALYSTS AND MARKETING SPECIALISTS",1,0.0,50086,0
"TRAVEL GUIDES",1,0.0,46488,0
"CONSTRUCTION MANAGER",1,0.0,104374,0
"SPECIAL EDUCATION TEACHERS, PRESCHOOL, KINDERGARTE",1,0.0,31284,0
"MEDICAL SEICENTISTS, EXCEPT EPIDEMIOLOGISTS",1,0.0,66123,0
"SOFTWARE ENGINEER, SENIOR",1,0.0,120349,0
"ENGINEERING MANAGERS",1,0.0,111696,0
"COMPUTER PROGRAMMERS, NON R & D",1,0.0,47195,0
"HEALTH DIAGNOSING AND TREATING PRACTITIONERS",1,0.0,76419,0
"ELECTRCIAL ENGINEERS",1,0.0,78749,0
PHYSICIST,1,0.0,46259,0
"SOFTWARE DEVLOPERS, APPLICATIONS",1,0.0,75338,0
"SECURITIES, COMMODITIES AND SALES AGENTS",1,0.0,112029,0
"SOLAR PHOTOVOLTAIC INSTALLERS",1,0.0,40019,0
"ELECTRONICS ENGINEERS, EXPECT COMPUTER",1,0.0,107037,0
"SECURITIES, COMMODITIES, AND FINANCIAL SA",1,0.0,112029,0
"COMPUTER, AUTOMATED TELLER, AND OFFICE MACHINE",1,0.0,43160,0
"BIOLOGIST (19-1020.01)",1,0.0,42432,0
"ATMOSPHERIC, EARTH, MARINE, AND SPACE SCIENCES TEACHERS, POSTSECONDARY",1,0.0,53922,0
"EDUCATION, TRAINING, & LIBRARY WORKERS, ALL OTHER",1,0.0,37939,0
"NEUROPSYCHOLOGISTS AND CLINICAL NEUROPSYCHOLOGISTS",1,0.0,52582,0
"SALESREPRESENTATIVES,WHOLESALEMANUFACTURING,TECHNI",1,0.0,79934,0
"MOBILE HEAVY EQUIPMENT MECHANICS, EXCEPT ENGINES",1,0.0,64480,0
"ANTHROPOLOGY AND ARCHEOLOGY TEACHERS, POSTSECONDAR",1,0.0,64940,0
"COMMERCIAL AND INDUSTRIAL DEISGNERS",1,0.0,59842,0
"COMPUTER SYSTEMS ANALYST, NON R&D",1,0.0,42973,0
"SOCIAL SCIENTISTS AND RELATED WORKERS",1,0.0,55910,0
"NETWORK ADMINISTRATOR",1,0.0,60320,0
"ENVIRONMENTAL COMPLIANCE INSPECTORS",1,0.0,48776,0
"COMPUTER SPECIALISTS, ALL OTHER",1,0.0,94598,0
"PUBLIC RELATIONS MANAGERS",1,0.0,98072,0
"GEOLOGICAL DATA TECHNICANS",1,0.0,44699,0
"TOOL AND DIE MAKERS",1,0.0,41808,0
"LOGISTICS ENGINEER",1,0.0,81827,0
"COMPUTER OCCUPATION, ALL OTHERS",1,0.0,54288,0
"FIRST-LINE SUPERVISORS OF FIRE FIGHTING AND",1,0.0,21008,0
"COMPUTER INFORMATION SYSTEMS MANAGER",1,0.0,95222,0
"15-1199.01 SW QUALITY ASSURANCE ENGNRS & TESTERS",1,0.0,77522,0
"ART, DRAMA, AND MUSIC TEACHER, POSTSECONDARY",1,0.0,58787,0
"COMPUTER SYSTEMS ANAYSTS",1,0.0,74984,0
"FIRST-LINE SUPERVISORS OF FOOD PREPARATION AND",1,0.0,32926,0
"COMPUER SYSTEMS ANALYSTS",1,0.0,73570,0
"INFORMATION SECURITY ANALYST",1,0.0,73653,0
"SECONDARY SCHOOL TEACHERS,",1,0.0,49230,0
"EDUCATION ADMINISTRATORS, ELEMENTARY/SECONDARY",1,0.0,65690,0
"NURSE MIDWIVES",1,0.0,99944,0
"SOFTWARE DEVELOPERS, APPLICATIAONS",1,0.0,60653,0
"TILE AND MARBLE SETTERS",1,0.0,41600,0
"ELECTRICAL ENGINEERING TECHNOLOGISTS",1,0.0,55120,0
"MEDICAL TECHNOLOGISTS",1,0.0,38085,0
17-2072,1,0.0,93766,0
INTERNISTS,1,0.0,187200,0
"COMMODITIES, AND FINANCIAL SERVICES SALES AGENTS",1,0.0,112029,0
"PROPERTY, REAL ESTATE MANAGERS",1,0.0,73486,0
"ELECTRONICS ENGINEERS EXCEPT COMPUTER",1,0.0,73278,0
"ENVIRONMENTAL ECONOMISTS",1,0.0,42702,0
"FRAUD EXAMINERS, INVESTIGATORS AND ANALYSTS",1,0.0,41683,0
"PHYSICIANS AND SURGEONS, ALL OTHERS",1,0.0,187200,0
"SECURITY AND FIRE ALARM SYSTEMS INSTALLERS",1,0.0,30950,0
"DATEBASE ADMINISTRATORS",1,0.0,63544,0
"PURCHASING AGENTS, EXCEPT WHOLESALE, RETAIL,",1,0.0,73050,0
"AREA, ETHNIC, & CULTURAL TEACHERS, POSTSECONDARY",1,0.0,64488,0
"FOREIGN LANGUAGE AND LITERATURE TEACHERS, POSTSECONDARY",1,0.0,41330,0
"NETWORK COMPUTER SYSTEMS ADMINISTRATOR",1,0.0,65395,0
"FIRST-LINE SUPERVISORS/MANAGERS OF PRODUCTION AND OPERATING WORKERS",1,0.0,41080,0
"COMPUTER SYSTEMS ENGINEERS/ARCHITECT",1,0.0,92248,0
"MEDICAL TRANSCRIPTIONISTS",1,0.0,21736,0
"FUEL CELL ENGINEERS",1,0.0,50086,0
"SEWING MACHINE OPERATORS",1,0.0,2783,0
"ELEMENTARY SCHOOL TEACHERS, EXCEPT SPECIAL ED.",1,0.0,69450,0
"PAPER GOODS MACHINE SETTERS, OPERATORS, AND",1,0.0,37440,0
STATISTICAN,1,0.0,76482,0
"COMMUNICATION TEACHER, POSTSECONDARY",1,0.0,45997,0
BARTENDERS,1,0.0,17534,0
"SECONDARY SCHOOL TEACHER, EXCEPT SPECIAL AND CAREE",1,0.0,44510,0
